article_name,article_id
Áedán mac Gabráin,0
Åland,1
Édouard Manet,2
Éire,3
Óengus I of the Picts,4
€2 commemorative coins,5
10th century,6
11th century,7
12th century,8
13th century,9
14th century,10
15th Marine Expeditionary Unit,11
15th century,12
16 Cygni,13
16 Cygni Bb,14
16th century,15
1755 Lisbon earthquake,16
17th century,17
1896 Summer Olympics,18
18th century,19
1928 Okeechobee Hurricane,20
1973 oil crisis,21
1980 eruption of Mount St. Helens,22
1997 Pacific hurricane season,23
19th century,24
1 Ceres,25
1st century,26
1st century BC,27
2-6-0,28
2-8-0,29
2003 Atlantic hurricane season,30
2004 Atlantic hurricane season,31
2004 Indian Ocean earthquake,32
2005 Atlantic hurricane season,33
2005 Hertfordshire Oil Storage Terminal fire,34
2005 Kashmir earthquake,35
2005 Lake Tanganyika earthquake,36
2005 Sumatra earthquake,37
20th century,38
21st century,39
2nd century,40
3 Juno,41
3rd century,42
4-2-0,43
4-4-0,44
4-6-0,45
47 Ursae Majoris,46
47 Ursae Majoris b,47
47 Ursae Majoris c,48
4 Vesta,49
4th century,50
55 Cancri,51
55 Cancri b,52
55 Cancri c,53
55 Cancri d,54
55 Cancri e,55
5th century,56
6-2-0,57
6th century,58
7th century,59
8th century,60
90377 Sedna,61
9th century,62
A. E. J. Collins,63
ABO blood group system,64
AC DC,65
AIDS,66
AK-47,67
ALCO FA,68
ASCII,69
AT&T,70
ATLAS experiment,71
A Christmas Carol,72
A Tale of a Tub,73
A Wrinkle in Time,74
A cappella,75
Aachen,76
Aardvark,77
Aarhus,78
Abacá,79
Abacus,80
Abadan,81
Abbadid,82
Abbas I of Persia,83
Abbasid,84
Abbey,85
Abbey Theatre,86
Abbot,87
Abel Tasman,88
Aberdeen,89
Aberration of light,90
Aberystwyth,91
Abhidhamma Pitaka,92
Abidjan,93
Abkhazia,94
Able Archer 83,95
Abraham Goldfaden,96
Abraham Lincoln,97
Absinthe,98
Absolute zero,99
Abstract art,100
Abu Dhabi,101
Abuja,102
Acceleration,103
Accountancy,104
Accra,105
Acetic acid,106
Acetone,107
Achilles,108
Achilles tendon,109
Acid rain,110
Acorn Computers,111
Actinium,112
Action potential,113
Actor,114
Acts of Union 1707,115
Actuary,116
Adam Smith,117
Addis Ababa,118
Adelaide,119
Adenosine triphosphate,120
Adi Shankara,121
Adolf Hitler,122
Adriaen van der Donck,123
Advertising,124
Aesthetics,125
Afghan Hound,126
Afghanistan,127
Africa,128
African American literature,129
African Black Oystercatcher,130
African Brush-tailed Porcupine,131
African Buffalo,132
African Darter,133
African Great Lakes,134
African Grey Hornbill,135
African Grey Parrot,136
African Jacana,137
African Penguin,138
African Union,139
African Wild Dog,140
African clawed frog,141
African dwarf frog,142
African slave trade,143
Afrikaans,144
Agamemnon,145
Age of Enlightenment,146
Aggregator,147
Agnosticism,148
Agriculture,149
Airbus,150
Airbus A380,151
Aircraft,152
Aircraft carrier,153
Airship,154
Ajax (programming),155
Akbar,156
Akhenaten,157
Akira Kurosawa,158
Akkadian Empire,159
Akrotiri and Dhekelia,160
Aksumite currency,161
Al Jazeera,162
Alamosaurus,163
Alan Turing,164
Albania,165
Albatross,166
Albert Einstein,167
Alberto Santos-Dumont,168
Albertosaurus,169
Albigensian Crusade,170
Albinism,171
Albrecht Dürer,172
Albrecht Rodenbach,173
Alchemy,174
Alcibiades,175
Alcohol,176
Aleksandr Pushkin,177
Aleksandr Vasilevsky,178
Aleksey Arakcheyev,179
Alexander Graham Bell,180
Alexander Hamilton,181
Alexander the Great,182
Alfred Hitchcock,183
Alfred Nobel,184
Alfred the Great,185
Algebra,186
Algeria,187
Algerian Civil War,188
Algiers,189
Algol,190
Algoma Central Railway,191
Algorithm,192
Alice's Adventures in Wonderland,193
All Blacks,194
All You Need Is Love (The JAMs song),195
All your base are belong to us,196
Allah,197
Allegory in the Middle Ages,198
Alligator,199
Alliterative verse,200
Allosaurus,201
Almaty,202
Almond,203
Alpaca,204
Alphabet,205
Alternating current,206
Alternation of generations,207
Alternative rock,208
Aluminium,209
Aluminium chloride,210
Alzheimer's disease,211
Amaranth oil,212
"Amarillo, Texas",213
Amazon Basin,214
Amazon Rainforest,215
Amazon River,216
Amazon parrot,217
Amber,218
Amda Seyon I,219
American Civil War,220
American English,221
American Revolutionary War,222
American Samoa,223
American football,224
American popular music,225
Americium,226
Amish,227
Ammolite,228
Ammonia,229
Ammonite,230
Ammosaurus,231
Amsterdam,232
Amtrak,233
Amur,234
Anaconda,235
Analytical Marxism,236
Anarchism,237
Anarcho-capitalism,238
Anatomy,239
Ancient Egypt,240
Ancient Greece,241
Ancient Rome,242
Ancient history,243
Andes,244
Andorra,245
Andrés Nocioni,246
Andrew Carnegie,247
Andrew Dickson White,248
Andrew Gonzalez,249
Andrew Jackson,250
Andrew Johnson,251
Andrew Robinson,252
Andriyivskyy Descent,253
Andromeda Galaxy,254
Andy Warhol,255
Anemia,256
Angel shark,257
Angelica,258
Angkor,259
Angkor Wat,260
Anglican Church of Australia,261
Anglican Communion,262
Anglicanism,263
Anglo-Saxon literature,264
Angola,265
Anguilla,266
Animal,267
Animal law,268
Animal rights,269
Animation,270
Ankylosaurus,271
"Ann Arbor, Michigan",272
Anna Karenina,273
Anne Frank,274
Anne of Great Britain,275
Annibale Bugnini,276
Anno Domini,277
Anschluss,278
Ant,279
Antananarivo,280
Antarctic Treaty System,281
Antarctic krill,282
Antarctica,283
Antarctosaurus,284
Anteater,285
Antelope,286
Anthony van Dyck,287
Anthropology,288
Antigua and Barbuda,289
Antimony,290
Antlion,291
Antoine Lavoisier,292
Antonín Dvořák,293
Anton Alexander von Werner,294
Antonio Vivaldi,295
Antwerp,296
Apaochi,297
Apatosaurus,298
Ape,299
Aphid,300
Apollo,301
Apollo 11,302
Apollo 8,303
Apostolic Succession,304
Apple,305
Applied mathematics,306
Apricot,307
Aquarium,308
Arab-Israeli conflict,309
Arab League,310
Arabic language,311
Arable land,312
"Aradia, or the Gospel of the Witches",313
Aral Sea,314
Arcadia (play),315
Archaeoastronomy,316
Archaeology,317
Archaeopteryx,318
Archbishop of Canterbury,319
Archimedes,320
Architecture,321
Architecture of Windows NT,322
Architecture of the California missions,323
Arctic,324
Arctic Circle,325
Arctic Monkeys,326
Arctic Ocean,327
Arctic Tern,328
Arecaceae,329
Argan,330
Argentina,331
Argon,332
Argyle diamond mine,333
Ariel Sharon,334
Aristarchus (crater),335
Aristotle,336
Arithmetic,337
Armadillo,338
"Armand Jean du Plessis, Cardinal Richelieu",339
Armenia,340
Armia Krajowa,341
Arnold Schwarzenegger,342
Arp2 3 complex,343
Ars moriendi,344
Arsenal F.C.,345
Arsenic,346
Art,347
Arthropod,348
Arthur Ernest Percival,349
Arthur Sullivan,350
Arthur Upfield,351
"Arthur Wellesley, 1st Duke of Wellington",352
Arts and crafts,353
Aruba,354
Arugula,355
Ascariasis,356
Asia,357
Asp (reptile),358
Asparagus,359
Asperger syndrome,360
Assyria,361
Astatine,362
Asteroid,363
Asthma,364
Astrology,365
Astronomy,366
Astrophysics Data System,367
Asunción,368
Ateneo de Manila University,369
Athanasius Kircher,370
Atheism,371
Athena,372
Athens,373
Athletics (track and field),374
"Atlanta, Georgia",375
Atlantic Coast Line Railroad,376
Atlantic Ocean,377
Atlantic herring,378
Atlantic slave trade,379
Atlantis,380
Atom,381
Atonality,382
Attack on Pearl Harbor,383
Attalus I,384
Attention-deficit hyperactivity disorder,385
Attila the Hun,386
Auckland,387
"Augusta, Lady Gregory",388
Augustan literature,389
Auguste Rodin,390
Augustine of Hippo,391
Augustus,392
Australia,393
Australian English,394
Australian Green Tree Frog,395
Australian Open,396
Australian Ringneck,397
Australian constitutional law,398
Australian rules football,399
Austria,400
Autism,401
Auto racing,402
Autobianchi Primula,403
Autocracy,404
Automated teller machine,405
Automatic number plate recognition,406
Automobile,407
Autorack,408
Autostereogram,409
Autumn,410
Avacha Volcano,411
Avalanche,412
Avatar  The Last Airbender,413
Avocado,414
Avon Gorge,415
Avro Lancaster,416
Axe,417
Ayaan Hirsi Ali,418
Aye-aye,419
"Aymer de Valence, 2nd Earl of Pembroke",420
Azerbaijan,421
Azerbaijani people,422
Aztec,423
BAE Systems,424
BASIC,425
BBC,426
BBC television drama,427
BP,428
BT Tower,429
B vitamins,430
Babe Ruth,431
Baboon,432
Babur,433
Baby Gender Mentor,434
Babylonia,435
Backgammon,436
Bacteria,437
Baden-Powell House,438
Badger,439
Badminton,440
Badugi,441
Baghdad,442
Bahá'í Faith,443
Bahamas,444
Bahrain,445
Baker Island,446
Bald Eagle,447
Baltic Sea,448
"Baltimore, Maryland",449
Bamako,450
Banana,451
Bandicoot,452
Bangalore,453
Bangkok,454
Bangladesh,455
Banjul,456
Bank of China (Hong Kong),457
Banknote,458
Banksy,459
Bantu,460
Barack Obama,461
Barbados,462
Barbara McClintock,463
Barbary Lion,464
Barbary Macaque,465
Barcelona,466
Barium,467
Barley,468
Barn Owl,469
Barnacle,470
Baroque,471
Barracuda,472
Baruch Spinoza,473
Baseball,474
Basel,475
Basil,476
Basil Brush,477
Basilica of San Francesco d'Assisi,478
Basilica of Santa Maria degli Angeli,479
Basketball,480
Basking shark,481
Bass (fish),482
Basset Hound,483
Bassoon,484
Bat,485
Bat-eared Fox,486
"Bath, Somerset",487
Bath School disaster,488
Batholith,489
Batman,490
Battle of Alesia,491
Battle of Amiens,492
Battle of Austerlitz,493
Battle of Badr,494
Battle of Bicocca,495
Battle of Britain,496
Battle of Cannae,497
Battle of France,498
Battle of Gettysburg,499
Battle of Grunwald,500
Battle of Hastings,501
Battle of Jutland,502
Battle of Lechaeum,503
Battle of Leyte Gulf,504
Battle of Marathon,505
Battle of Midway,506
Battle of Moscow,507
Battle of Normandy,508
Battle of Rennell Island,509
Battle of Sitka,510
Battle of Smolensk (1943),511
Battle of Stalingrad,512
Battle of Tours,513
Battle of Vaslui,514
Battle of Warsaw (1920),515
Battle of the Bulge,516
Battle of the Eastern Solomons,517
Battle of the Little Bighorn,518
Battle of the Santa Cruz Islands,519
Battle of the Somme (1916),520
Battles of the Mexican-American War,521
Bay Area Rapid Transit,522
Bay of Bengal,523
Beach,524
Bean,525
Bear,526
Beatles for Sale,527
Beaver,528
Bedbug,529
Bede,530
Bee,531
Beeching Axe,532
Beekeeping,533
Beep (SWBLW),534
Beer,535
Beet,536
Beetle,537
Behavioral finance,538
Behistun Inscription,539
Beijing,540
Beirut,541
Belarus,542
Belfast,543
Belgium,544
Belize,545
Belton House,546
Ben-Hur (1959 film),547
Ben Jonson,548
Ben Nevis,549
Bench language,550
Benin,551
Benito Mussolini,552
Benjamin Britten,553
"Benjamin Disraeli, 1st Earl of Beaconsfield",554
Benjamin Franklin,555
Benjamin Harrison,556
Benjamin Mountfort,557
Benjamin of Tudela,558
Benzene,559
Berber languages,560
Beriberi,561
Berkelium,562
Berlin,563
Berlin Wall,564
Bermuda,565
Bernard Hinault,566
Bertrand Russell,567
Beryllium,568
Betelgeuse incident,569
Bette Davis,570
Bhutan,571
Bible,572
Bicycle,573
Bicycle Thieves,574
Big Bang,575
Bill Clinton,576
Bill Gates,577
Billie Holiday,578
Binary star,579
Binoculars,580
Binomial nomenclature,581
Biodiesel,582
Biodiversity,583
Biofuel,584
Bioinformatics,585
Biology,586
Bionicle  Mask of Light,587
Biosphere,588
Biotechnology,589
Bird,590
Bird migration,591
Bird of prey,592
Birmingham,593
Birth control,594
Bismuth,595
Bison,596
Bissau,597
Björn Borg,598
Bjørnøya,599
Black-backed Jackal,600
Black-footed Cat,601
Black-winged Stilt,602
Black Death,603
Black Rhinoceros,604
Black Robin,605
Black Sea,606
Black Seminoles,607
Black Wildebeest,608
Black hole,609
Black panther,610
Black pepper,611
Black widow spider,612
Blackbird,613
Blackcap,614
Blackjack,615
Blackpool,616
Blacktip reef shark,617
Blade Runner,618
Blaise Pascal,619
Blitzkrieg,620
Blokus,621
Blood type,622
Blue Jay,623
Blue Peter,624
Blue Tit,625
Blue Whale,626
Blue Wildebeest,627
Blue shark,628
Bluegrass music,629
Bluetooth,630
Boa,631
Board game,632
Boat,633
Bob Dylan,634
Bob Marley,635
Bobcat,636
Body mass index,637
Bodyline,638
Boeing 747,639
Bog,640
Bogotá,641
Bohemian Rhapsody,642
Bohor Reedbuck,643
Bohrium,644
Bolivia,645
Bologna,646
Boltysh crater,647
Bongo (antelope),648
Bonobo,649
Bontebok,650
Booby,651
Book,652
Book of Common Prayer,653
Book of Kells,654
Boolean logic,655
Borage,656
Boris Becker,657
Boron,658
Bosnia and Herzegovina,659
"Boston, Massachusetts",660
Boston RFC,661
Boston Terrier,662
Boston and Lowell Railroad,663
Botany,664
Botswana,665
Bottlenose Dolphin,666
Boudica,667
Boundary Waters Canoe Area Wilderness,668
Bourbonnais train accident,669
Bouvet Island,670
Box jellyfish,671
Boy Scout,672
Boyle Roche,673
Brabantian,674
Brabham,675
Brachiosaurus,676
Brahman,677
Brain,678
Bran,679
Brandon Routh,680
Brasília,681
Brass instrument,682
Bratislava,683
Brazil,684
Bread,685
Breaker Morant,686
Bretton Woods system,687
Brian Close,688
Bridge,689
Brighton,690
Brisbane,691
Bristol,692
British East India Company,693
British Empire,694
British English,695
British House of Commons,696
British Indian Ocean Territory,697
British Isles,698
British Isles (terminology),699
British Virgin Islands,700
British monarchy,701
Britney Spears,702
Broadcasting,703
Bromine,704
Bronze Age,705
Brothers Grimm,706
Brown trout,707
Bruce Lee,708
Bruce Springsteen,709
Brunei,710
Brush,711
Brussels,712
Brute force attack,713
Bryce Canyon National Park,714
Btrieve,715
Bucharest,716
Buckingham Palace,717
Buckminster Fuller,718
Budapest,719
Buddha,720
Buddhism,721
Buddhist art,722
Buenos Aires,723
Buffy the Vampire Slayer,724
Bulgaria,725
Bull shark,726
Burkina Faso,727
Burundi,728
Bushbuck,729
Bushpig,730
Business,731
Butter,732
Button,733
Byzantine Empire,734
C++,735
Cædmon,736
Côte d'Ivoire,737
C. S. Lewis,738
CF7,739
CPU cache,740
CS gas,741
Cactus,742
Cadmium,743
Caesar cipher,744
Caesium,745
Caesium fluoride,746
Cai Lun,747
Cairo,748
Calcite,749
Calcium,750
Calcium chloride,751
Calculus,752
Calgary,753
California,754
California Southern Railroad,755
Californium,756
Calligraphy,757
Caloris Basin,758
Calvin Coolidge,759
Calvin and Hobbes,760
Camarasaurus,761
Cambodia,762
Cambrian,763
Cambrian explosion,764
Cambridge,765
Camel,766
Cameroon,767
Canada,768
Canada Goose,769
Canadian Charter of Rights and Freedoms,770
Canadian English,771
Canadian House of Commons,772
Canadian Pacific Railway,773
Canadian Senate,774
Canadian football,775
Canal,776
Canaletto,777
Canberra,778
Cancer,779
Cane Toad,780
Canola,781
Canterbury,782
Canterbury Cathedral,783
Canute the Great,784
Capacitance,785
Cape Canaveral,786
Cape Horn,787
Cape Lion,788
Cape Porcupine,789
Cape Town,790
Cape Verde,791
Capital,792
Capitalism,793
Capitoline Triad,794
Captain Marvel (DC Comics),795
Caracas,796
Caratacus,797
Caravaggio,798
Carbon,799
Carbon dioxide,800
Carboniferous,801
Carcinus maenas,802
Card game,803
Cardiff,804
Caribbean Sea,805
Carl Friedrich Gauss,806
Carl G. Fisher,807
Carl Jung,808
Carl Lewis,809
Carl Sagan,810
Carlsbad Caverns National Park,811
Carnivore,812
Caroline Island,813
"Carolingian Gospel Book (British Library, MS Add. 11848)",814
Carolus Linnaeus,815
Carrot,816
Casablanca (film),817
Casimir effect,818
Caspian Sea,819
Cassini-Huygens,820
Cassowary,821
Castra,822
Cat,823
Cat's Eye Nebula,824
Cat Stevens,825
Cataract,826
Cataract surgery,827
Cathedral of Magdeburg,828
Catherine Cranston,829
Catherine II of Russia,830
Catholic social teaching,831
Cattle,832
Cave,833
Cayman Islands,834
Celeriac,835
Celery,836
Celine Dion,837
Cell (biology),838
Cello,839
Celtic F.C.,840
Celtic Park,841
Celtic mythology,842
Central African Republic,843
Central processing unit,844
Ceratopsidae,845
Cereal,846
Cerebellum,847
Ceres (dwarf planet),848
Cerium,849
Chad,850
Chadian-Sudanese conflict,851
Chaffinch,852
Channel Islands,853
Charlemagne,854
Charles Babbage,855
Charles Darwin,856
Charles Dickens,857
Charles Etienne Brasseur de Bourbourg,858
Charles II of England,859
Charles I of England,860
Charles Sumner,861
"Charles V, Holy Roman Emperor",862
Charlie Chaplin,863
Charlotte's Web,864
Chartism,865
Che Guevara,866
Cheers,867
Cheese,868
Cheetah,869
Chelsea F.C.,870
Chemical element,871
Chemical synapse,872
Chemistry,873
Chennai,874
Chepstow Bridge,875
Chernobyl disaster,876
Chess,877
Chester A. Arthur,878
Chestnut,879
Chew Magna,880
Chew Stoke,881
Chew Valley,882
Chew Valley Lake,883
Chicago,884
Chicago Bears,885
Chicago and North Western Railway,886
Chicken,887
Child,888
Children's Crusade,889
Children's rights movement,890
Chile,891
Chiltern Hills,892
Chimpanzee,893
China,894
Chinese Rites controversy,895
Chinese language,896
Chinyingi,897
Chives,898
Chlorine,899
Chocolate,900
Chola dynasty,901
Cholera,902
Chordate,903
Chris Evert,904
Christian Bale,905
Christian monasticism,906
Christianity,907
Christina Aguilera,908
Christmas Island,909
Christopher Columbus,910
Christopher Wren,911
Chromatic aberration,912
Chromatophore,913
Chromium,914
Church of England,915
Church of Ireland,916
Cicely,917
Cider,918
Cinema of the United States,919
Citizen Kane,920
Citizenship,921
Citrus,922
City,923
City status in the United Kingdom,924
Civil War token,925
Civil rights,926
Civil society,927
Civilization,928
Civilization (computer game),929
Clarinet,930
Classic female blues,931
Claude Lévi-Strauss,932
Claude Monet,933
Claudius,934
Clay,935
Cleopatra VII,936
Cleopatra VII of Egypt,937
"Cleveland, Ohio",938
Clifton Suspension Bridge,939
Climate,940
Climate change,941
Clock,942
Clone Wars (Star Wars),943
Clothing,944
Cloud,945
Coal,946
Coal Tit,947
Cobalt,948
Coccinellidae,949
Cochineal,950
Cockatiel,951
Cocoa,952
Coconut,953
Coconut crab,954
Coconut oil,955
Cocos (Keeling) Islands,956
Cod,957
Code of Hammurabi,958
Coffee,959
Coin,960
Cold War,961
Colditz Castle,962
Colima (volcano),963
Collapse of the World Trade Center,964
Colley Cibber,965
Cologne,966
Colombia,967
Colombo,968
Color,969
Color Graphics Adapter,970
Color blindness,971
Colorado River,972
Colossus of Rhodes,973
Columba,974
Columbia River,975
Columbine High School massacre,976
"Columbus, Ohio",977
Comet,978
Comet Hale-Bopp,979
Comet Halley,980
Comet Hyakutake,981
Comet Shoemaker-Levy 9,982
Comet White-Ortiz-Bolelli,983
Comics,984
Comma Johanneum,985
Commodore 64,986
Common Basilisk,987
Common Cuckoo,988
Common Eider,989
Common Eland,990
Common Hazel,991
Common Pheasant,992
Common Tern,993
Common agouti,994
Common cold,995
Common sage,996
Commonwealth Games,997
Communication,998
Communism,999
Community,1000
Comoros,1001
Compact Disc,1002
Company (law),1003
Compsognathus,1004
Computational chemistry,1005
Computer,1006
Computer and video games,1007
Computer programming,1008
Computer science,1009
Conakry,1010
Concorde,1011
Condoleezza Rice,1012
Conflict,1013
Confucianism,1014
Confucius,1015
Congo River,1016
Consolation of Philosophy,1017
Constantine I,1018
Constantine II of Scotland,1019
"Constitution of May 3, 1791",1020
Constitutional monarchy,1021
Constructivism (art),1022
Consumer protection,1023
Contact lens,1024
Continent,1025
Continental crust,1026
Control car (rail),1027
Convention on the International Trade in Endangered Species of Wild Flora and Fauna,1028
Convention on the Rights of the Child,1029
Cook Islands,1030
Cookiecutter shark,1031
Cooperative,1032
Coot,1033
Copenhagen,1034
Copenhagen Fire of 1728,1035
Copper,1036
Copper(I) chloride,1037
Coriander,1038
Corinthian War,1039
Cormorant,1040
Corn oil,1041
Cornea,1042
Cornell University,1043
Coronation Street,1044
Corporate finance,1045
Corporation,1046
Corrosion,1047
Corundum,1048
Cosmic inflation,1049
Cosmic microwave background radiation,1050
Costa Rica,1051
Costume design,1052
Cotopaxi,1053
Cotswolds,1054
Cotton,1055
Coulomb's law,1056
Country,1057
Coupling (railway),1058
Coventry,1059
Crab Nebula,1060
Crash test dummy,1061
Craters of the Moon National Monument and Preserve,1062
Craton,1063
Creation-evolution controversy,1064
Creationism,1065
Creative Commons,1066
Cretaceous,1067
Cretaceous-Tertiary extinction event,1068
Cricket,1069
Crime,1070
Crime and Punishment,1071
Crime in Mexico,1072
Crimean Karaites,1073
Crimean War,1074
Crimson-collared Tanager,1075
Cristero War,1076
Criticism of the War on Terrorism,1077
Croatia,1078
Crocodile,1079
Crohn's disease,1080
Cross Fell,1081
Crossbill,1082
Crow,1083
Crown Jewels of the United Kingdom,1084
Crusades,1085
Crust (geology),1086
Crustacean,1087
Cryptography,1088
Crystal,1089
Crystallographic defects in diamond,1090
Cuba,1091
Cubeb,1092
Cubism,1093
Cuckmere Haven,1094
Cultivar,1095
Cultural diversity,1096
Cultural identity,1097
Culture,1098
Culture of the Democratic Republic of the Congo,1099
Curium,1100
Currency,1101
Cyanocobalamin,1102
Cyberpunk,1103
Cyclamen,1104
Cyclone Percy,1105
Cyclone Rosita,1106
Cyclops,1107
Cymbopogon,1108
Cyprus,1109
Cyril Clarke,1110
Cyrus K. Holliday,1111
Cyrus the Great,1112
Cystic fibrosis,1113
Czech Republic,1114
Dál Riata,1115
Düsseldorf,1116
DNA,1117
DNA repair,1118
DVD,1119
Dad's Army,1120
Dada,1121
Dakar,1122
"Dakota, Minnesota and Eastern Railroad",1123
Daley Thompson,1124
"Dallas, Texas",1125
Dam,1126
Damascus,1127
Damascus steel,1128
Damon Hill,1129
Dance,1130
Dandelion,1131
Daniel Day-Lewis,1132
Daniel Ellsberg,1133
Danny Deever,1134
Danske Statsbaner,1135
Dante Alighieri,1136
Danube,1137
Darfur conflict,1138
Dark Ages,1139
Darling River,1140
Darmstadtium,1141
Darth Vader,1142
Dartmoor,1143
Das Kapital,1144
Data Encryption Standard,1145
David Attenborough,1146
David Beckham,1147
David Blanchflower,1148
David Cameron,1149
David Copperfield (novel),1150
David Helvarg,1151
David Heymann,1152
David Hilbert,1153
David Hume,1154
David III of Tao,1155
David Livingstone,1156
Davis Cup,1157
Davy Jones' Locker,1158
Day,1159
Dayuan,1160
Dead Sea,1161
Dead Sea scrolls,1162
Death Valley National Park,1163
Decade Volcanoes,1164
Deconstructivism,1165
Defaka,1166
Defense of Sihang Warehouse,1167
Definition of planet,1168
Deinonychus,1169
Deity,1170
Delhi,1171
Deluge (mythology),1172
Demand Note,1173
Democracy,1174
Democratic Action Party,1175
Democratic Republic of the Congo,1176
Demosthenes,1177
Denis Law,1178
Denmark,1179
Dennis Ritchie,1180
"Denver, Colorado",1181
Derby,1182
Desert,1183
Desert locust,1184
Desmond Tutu,1185
Despotism,1186
"Detroit, Michigan",1187
Devonian,1188
Dewey Square,1189
Diabetes mellitus,1190
Diamond,1191
Diamond cut,1192
Diamond simulant,1193
Diane Keaton,1194
Dice,1195
Dido and Aeneas,1196
Diego Garcia,1197
Diego Maradona,1198
Diego Velázquez,1199
Differential equation,1200
Differential geometry and topology,1201
Diffuse interstellar band,1202
Dik-dik,1203
Dill,1204
Dilophosaurus,1205
Dimetrodon,1206
Dingo,1207
Dinosaur,1208
Diplodocus,1209
Directdebit,1210
Directive Principles in India,1211
Disneyland Railroad,1212
Distilled beverage,1213
Dixie Mission,1214
Djibouti,1215
Dmitri Mendeleev,1216
Doctor Who,1217
Dodo,1218
Dog,1219
Doha,1220
Dolphin,1221
Domesday Book,1222
Domestic AC power plugs and sockets,1223
Domestic goat,1224
Domesticated turkey,1225
Dominica,1226
Dominican Republic,1227
Donald Bradman,1228
Donald Duck,1229
Donald Knuth,1230
Donation,1231
Doom,1232
Dorset,1233
Double-decker bus,1234
Double bass,1235
Douglas Adams,1236
Douglas DC-4,1237
Dove,1238
Dover,1239
Down syndrome,1240
Dr. Seuss,1241
Drama,1242
Draughts,1243
Drawing,1244
Dresden,1245
Drinking water,1246
Driving on the left or right,1247
Drosera anglica,1248
Drosophila melanogaster,1249
Drought,1250
Drum and bass,1251
Du Fu,1252
Dualism (philosophy of mind),1253
Dubai,1254
Dublin,1255
Dubnium,1256
Duchenne muscular dystrophy,1257
Dundee,1258
Dundee United F.C.,1259
Dune,1260
Dunnock,1261
Dunstable Downs,1262
Duran Duran,1263
Durham,1264
Durham Cathedral,1265
Durian,1266
Dutch language,1267
Dwight D. Eisenhower,1268
Dysprosium,1269
E.T. the Extra-Terrestrial (Atari 2600),1270
E. E. Cummings,1271
E. P. Wigner,1272
ECHELON,1273
EMD BL2,1274
EMD F7,1275
EMD GP30,1276
Eagle,1277
Eagle Scout (Boy Scouts of America),1278
Earl of Shaftesbury,1279
Earless seal,1280
Earth,1281
Earth's atmosphere,1282
Earthquake,1283
Earwax,1284
East-West Schism,1285
EastEnders,1286
East Africa,1287
East Flemish,1288
East Timor,1289
Easter Island,1290
Eastern Orthodox Church,1291
Eastern Roman Empire,1292
Ebony,1293
Ecology,1294
Economic inequality,1295
Economics,1296
Economy of Africa,1297
Economy of India,1298
Economy of Pakistan,1299
Economy of Scotland,1300
Economy of the Iroquois,1301
Economy of the Republic of Ireland,1302
Ecuador,1303
Edema,1304
Edgar Allan Poe,1305
Edible salt,1306
Edinburgh,1307
Edmond Halley,1308
Edmonton,1309
Edmund Burke,1310
Edmund Hillary,1311
Education,1312
Education in the United States,1313
Educational psychology,1314
Edward Gibbon,1315
Edward III of England,1316
Edward II of England,1317
Edward IV of England,1318
Edward I of England,1319
Edward Jenner,1320
Edward Teller,1321
Edward VIII of the United Kingdom,1322
Edward VII of the United Kingdom,1323
Edward VI of England,1324
Edward V of England,1325
Edward the Confessor,1326
Edwin of Northumbria,1327
Effect of Hurricane Katrina on New Orleans,1328
Effects of global warming,1329
Effects of nuclear explosions,1330
Egg (food),1331
Egypt,1332
Egyptian pyramids,1333
Eifel Aqueduct,1334
Eilmer of Malmesbury,1335
Einsteinium,1336
El Aaiún,1337
"El Hatillo Municipality, Miranda",1338
El Lissitzky,1339
El Niño-Southern Oscillation,1340
El Salvador,1341
Elagabalus,1342
Eldfell,1343
Election,1344
Electric charge,1345
Electric field,1346
Electrical engineering,1347
Electrical resistance,1348
Electricity,1349
Electromagnetic radiation,1350
Electron,1351
Electron beam welding,1352
Electronic amplifier,1353
Electronics,1354
Elementary algebra,1355
Elementary arithmetic,1356
Elementary group theory,1357
Eleocharis dulcis,1358
Elephant,1359
Elephant bird,1360
Elephant shrew,1361
Elfin-woods Warbler,1362
Elias Ashmole,1363
Eliminative materialism,1364
Elizabeth Fry,1365
Elizabeth II of the United Kingdom,1366
Elizabeth I of England,1367
Elizabethan Poor Law (1601),1368
Elvis Presley,1369
Emacs,1370
Emanuel Swedenborg,1371
Emirate,1372
Emma Roberts,1373
Emotion,1374
Emperor Penguin,1375
Empires  Dawn of the Modern World,1376
Empiricism,1377
Employment,1378
Emu,1379
Enceladus (moon),1380
Encyclopædia Britannica,1381
Endoscopic foreign body retrieval,1382
Energy,1383
Engineering,1384
England,1385
England expects that every man will do his duty,1386
English Channel,1387
English Reformation,1388
English language,1389
English monarchs family tree,1390
English peasants' revolt of 1381,1391
English poetry,1392
Enigma machine,1393
Entropy,1394
Environmental science,1395
Enzyme kinetics,1396
Eocene,1397
Epaminondas,1398
Epazote,1399
Epic of Gilgamesh,1400
Episcopal polity,1401
Equal Protection Clause,1402
Equatorial Guinea,1403
Erbium,1404
Eric Clapton,1405
Erie Canal,1406
Eris (dwarf planet),1407
Eritrea,1408
Ernest Hemingway,1409
Ernest Rutherford,1410
Eruption column,1411
Erwin Rommel,1412
Eskimo,1413
Esox,1414
Esperanto,1415
Essential oil,1416
Estonia,1417
Ethanol,1418
Ethics,1419
Ethiopia,1420
Ethiopian Wolf,1421
Ethnic group,1422
Euclid,1423
Euclidean geometry,1424
Eukaryote,1425
Euphrates,1426
Eurasian Bullfinch,1427
Eurasian Collared Dove,1428
Eurasian Eagle Owl,1429
Eurasian Jay,1430
Eurasian Oystercatcher,1431
Euro,1432
Europe,1433
European Goldfinch,1434
European Greenfinch,1435
European Kingfisher,1436
European Parliament,1437
European Space Agency,1438
European Union,1439
Europium,1440
Eurovision Song Contest,1441
Euston Manifesto,1442
Eustreptospondylus,1443
Eva Perón,1444
Evan Rachel Wood,1445
Evanton,1446
Evolution,1447
Evolutionarily stable strategy,1448
Existentialism,1449
Exploration of Mars,1450
Explorer I,1451
Expressionism,1452
Extinct birds,1453
Extinction,1454
Extrasolar planet,1455
Extraterrestrial life,1456
Eye,1457
Eye (cyclone),1458
Eyelid,1459
Ezra Pound,1460
F-35 Lightning II,1461
F-4 Phantom II,1462
FIFA,1463
FIFA World Cup,1464
FM Consolidated line,1465
FairTax,1466
Fair Isle,1467
Falcon,1468
Falkirk Wheel,1469
Falkland Islands,1470
Family,1471
Famine,1472
Fanny Blankers-Koen,1473
Faroe Islands,1474
Fascism,1475
Fashion,1476
Fatty acid,1477
Fauna of Australia,1478
Feather,1479
Fed Cup,1480
Federal Bureau of Investigation,1481
Federated States of Micronesia,1482
Fedora Core,1483
Feldspar,1484
Felice Beato,1485
Felix Mendelssohn,1486
Felix the Cat,1487
Fencing,1488
Fennel,1489
Ferdinand Magellan,1490
Ferdinandea,1491
Fermi paradox,1492
Fermium,1493
Fern,1494
Fertile Crescent,1495
Fertilizer,1496
Fetal alcohol spectrum disorder,1497
Ffestiniog Railway,1498
Fiberglass,1499
Fiction,1500
Fidel Castro,1501
Fieldfare,1502
Fiji,1503
Film,1504
Final Fantasy (video game),1505
Final Fantasy Adventure,1506
Finance,1507
Financial statements,1508
Fine art,1509
Finland,1510
Fire,1511
Firearm,1512
Firecrest,1513
Firefly (TV series),1514
First Council of Nicaea,1515
First Crusade,1516
First Macedonian War,1517
First Transcontinental Railroad,1518
Fish,1519
Fishing,1520
Flag of Australia,1521
Flag of Belarus,1522
Flag of Hong Kong,1523
Flag of India,1524
Flag of Mexico,1525
Flag of South Africa,1526
Flag of the Republic of China,1527
Flamingo,1528
Flanders,1529
Flat Earth,1530
Flemish (linguistics),1531
Flemish dialects,1532
Flemish people,1533
Flood,1534
Floppy disk,1535
Florence Nightingale,1536
Florida,1537
Florida East Coast Railway,1538
Floris and Blancheflour,1539
Flower,1540
Floyd Mayweather Jr.,1541
Fluorine,1542
Flute,1543
Foie gras,1544
Folic acid,1545
Folk music,1546
Folklore,1547
Food,1548
Football,1549
Football (soccer),1550
Force,1551
Forensic facial reconstruction,1552
Forest,1553
Formic acid,1554
Formula One,1555
Forrest Gump,1556
Fort de Chartres,1557
Forth,1558
Forth Bridge (railway),1559
Forth Road Bridge,1560
Fossil,1561
Fossil fuel,1562
Fossil record,1563
Fourteenth Amendment to the United States Constitution,1564
Fox,1565
Frédéric Chopin,1566
Fractal,1567
France,1568
France in the American Revolutionary War,1569
Frances Oldham Kelsey,1570
Francis Bacon,1571
Francis Crick,1572
Francis Drake,1573
Francis Petre,1574
Francis of Assisi,1575
Francisco Goya,1576
Francium,1577
Frank Lloyd Wright,1578
Frankenstein,1579
Frankfurt,1580
Franklin B. Gowen,1581
Franklin D. Roosevelt,1582
Franklin Pierce,1583
Franks,1584
Franz Kafka,1585
Franz Schubert,1586
Frederick Douglass,1587
"Frederick Hamilton-Temple-Blackwood, 1st Marquess of Dufferin and Ava",1588
"Frederick II, Holy Roman Emperor",1589
Frederick II of Prussia,1590
Freetown,1591
French Guiana,1592
French Open (tennis),1593
French Polynesia,1594
French Revolution,1595
French Southern and Antarctic Lands,1596
French language,1597
Fresh water,1598
Friedrich Nietzsche,1599
Friend Directdebit,1600
Frog,1601
Fruit,1602
Fugu,1603
Full moon,1604
Funchal,1605
Functional programming,1606
Fundamental Rights in India,1607
Fundamental theorem of arithmetic,1608
Fungus,1609
Fur language,1610
Fusarium,1611
Fyodor Dostoevsky,1612
GDRT,1613
GNOME,1614
GNU,1615
GNU Linux naming controversy,1616
GNU Project,1617
Gabon,1618
Gaborone,1619
Gadolinium,1620
Galápagos Islands,1621
Galah,1622
Galaxy,1623
Galeras,1624
Galerina,1625
Galileo Galilei,1626
Gallery of the Kings and Queens of England,1627
Gallimimus,1628
Gallium,1629
Galveston Hurricane of 1900,1630
Game,1631
Game theory,1632
Ganesha,1633
Ganges River,1634
Ganges shark,1635
Gangtok,1636
Garage (dance music),1637
Garden,1638
Garden Gnome Liberation Front,1639
Gardening,1640
Gas,1641
Gas giant,1642
Gas metal arc welding,1643
Gas tungsten arc welding,1644
Gas turbine-electric locomotive,1645
Gaur,1646
Gauss's law,1647
Gautama Buddha,1648
Gaza Strip,1649
Gazelle,1650
Gender,1651
Genealogy,1652
General Pershing Zephyr,1653
Genetic code,1654
Genetics,1655
Geneva,1656
Genghis Khan,1657
Genoa,1658
Gentoo penguin,1659
Geography,1660
Geography of Africa,1661
Geography of India,1662
Geography of Ireland,1663
Geography of Texas,1664
Geology,1665
Geology of Dorset,1666
Geology of the Grand Canyon area,1667
Geometry,1668
Georg Cantor,1669
Georg Forster,1670
Georg von Boeselager,1671
"George Byron, 6th Baron Byron",1672
George Eliot,1673
George Fox,1674
George H. W. Bush,1675
George Herbert,1676
George III of the United Kingdom,1677
George II of Great Britain,1678
George IV of the United Kingdom,1679
George I of Great Britain,1680
George Thomas Coker,1681
George VI of the United Kingdom,1682
George V of the United Kingdom,1683
George W. Bush,1684
George Washington,1685
"Georgetown, Guyana",1686
Georgia (country),1687
Gerald Durrell,1688
Gerald Ford,1689
"German Crusade, 1096",1690
German language,1691
German reunification,1692
Germanium,1693
Germany,1694
Gettysburg Address,1695
Ghana,1696
Ghost Dance,1697
Giant's Causeway,1698
Giant Eland,1699
Giant Hogweed,1700
Giant Panda,1701
Gibraltar,1702
Giganotosaurus,1703
Gilles Villeneuve,1704
Giraffe,1705
Giuseppe Verdi,1706
Giza pyramid complex,1707
Glacier,1708
Glacier National Park (US),1709
Glaciology,1710
Glasgow,1711
Glass,1712
Glasses,1713
Glastonbury Festival,1714
GlaxoSmithKline,1715
Gliding,1716
Gliese 876,1717
Gliese 876 b,1718
Gliese 876 c,1719
Gliese 876 d,1720
Global,1721
Global city,1722
Global spread of H5N1,1723
Global warming,1724
Globalization,1725
Globe Theatre,1726
Globular cluster,1727
Glorious Revolution,1728
Glynn Lunney,1729
Gmail,1730
Go (board game),1731
Goa,1732
God,1733
Gold,1734
Gold(III) chloride,1735
Gold standard,1736
Goldcrest,1737
Golden Eagle,1738
Golden Gate Highlands National Park,1739
Goldfish,1740
"Goleta, California",1741
Gone with the Wind (film),1742
Google,1743
Goose,1744
Gordon Brown,1745
Gordon Griffith,1746
Gorilla,1747
Gossypium,1748
Gothenburg,1749
Gottfried Leibniz,1750
Government,1751
Government of France,1752
Gowanus Canal,1753
Grand Canal of China,1754
Grand Canyon,1755
Grand Central Station (Chicago),1756
Grand Central Terminal,1757
"Grand Forks, North Dakota",1758
Grand Slam (tennis),1759
Grange Hill,1760
Granite,1761
Graniteville train disaster,1762
Grape seed oil,1763
Graphic novel,1764
Gravitation,1765
Gray Wolf,1766
Gray reef shark,1767
Grease (film),1768
Great Auk,1769
Great Barrier Reef,1770
Great Black-backed Gull,1771
Great Britain,1772
Great Bustard,1773
Great Comet of 1882,1774
Great Cormorant,1775
Great Crested Grebe,1776
Great Lakes,1777
Great Lakes Storm of 1913,1778
Great Moravia,1779
Great Pyramid of Giza,1780
Great Red Spot,1781
Great Rift Valley,1782
Great Salt Lake,1783
Great Spotted Woodpecker,1784
Great Tit,1785
Great Wall of China,1786
Great Yarmouth,1787
Great comet,1788
Great hammerhead,1789
Great white shark,1790
Greater Cane Rat,1791
Greco-Buddhism,1792
Greece,1793
Greek War of Independence,1794
Greek mythology,1795
Green Woodpecker,1796
Greenhouse effect,1797
Greenland,1798
Greg LeMond,1799
Gregor Mendel,1800
Gregorian chant,1801
Gremlins,1802
Grenada,1803
Grevy's Zebra,1804
Group (mathematics),1805
Grover Cleveland,1806
Guadeloupe,1807
Guam,1808
Guangzhou,1809
Guatemala,1810
Guernsey,1811
Guglielmo Marconi,1812
Guild,1813
Guinea,1814
Guinea-Bissau,1815
Guinness,1816
Guitar,1817
Gulf of Mexico,1818
Gull,1819
Gunpowder,1820
Guqin,1821
Gustav Holst,1822
Gustavus Franklin Swift,1823
Guyana,1824
Gyeongju,1825
Gypsum,1826
Hänsel und Gretel,1827
H.D.,1828
H5N1,1829
HD 209458 b,1830
HD 217107,1831
HD 217107 b,1832
HD 217107 c,1833
HD 28185,1834
HD 28185 b,1835
HIV,1836
HIV AIDS in Africa,1837
HMS E18,1838
HSBC,1839
HTTP cookie,1840
H II region,1841
Habsburg Spain,1842
Hadrian's Wall,1843
Haemophilia,1844
Hafnium,1845
Haiti,1846
Haji Mohammad Suharto,1847
Halfbeak,1848
Halloween,1849
Hamburg,1850
Hamilton-Burr duel,1851
Hammurabi,1852
Hampshire,1853
Hampstead Heath,1854
Hannibal Barca,1855
Hanoi,1856
Harald Maddadsson,1857
Haraldskær Woman,1858
Harare,1859
Hardball squash,1860
Harlem Globetrotters,1861
Harley-Davidson,1862
Harold Macmillan,1863
Harold Wilson,1864
Harrier Hawk,1865
Harry Potter,1866
Harry S. Truman,1867
Harvest,1868
Hasekura Tsunenaga,1869
Hassium,1870
Hatshepsut,1871
Hawaiian Goose,1872
Hawfinch,1873
Hawk,1874
Hawk-Eye,1875
Hawking radiation,1876
Health,1877
Heard Island and McDonald Islands,1878
Heat,1879
Hebrew calendar,1880
Hebrew language,1881
Hebrides,1882
Heilbronn,1883
Helen,1884
Helen Gandy,1885
Helicobacter pylori,1886
Heliocentrism,1887
Helium,1888
Hellenistic Greece,1889
Hello Garci scandal,1890
Helmeted Guineafowl,1891
Helsinki,1892
Henipavirus,1893
Henri Matisse,1894
Henrik Ibsen,1895
Henry David Thoreau,1896
Henry Fonda,1897
Henry Ford,1898
Henry H. Rogers,1899
Henry III of England,1900
Henry II of England,1901
Henry IV of England,1902
Henry I of England,1903
Henry James,1904
Henry Moore,1905
Henry Morrison Flagler,1906
Henry Morton Stanley,1907
Henry Purcell,1908
Henry Rollins,1909
Henry VIII of England,1910
Henry VII of England,1911
Henry VI of England,1912
Henry V of England,1913
Henry Wood (conductor),1914
Hepatocellular carcinoma,1915
Hepatorenal syndrome,1916
Heracles,1917
Heraclius,1918
Heraldry,1919
Herbert Hoover,1920
Herbig-Haro object,1921
Herbivore,1922
Hermann Maier,1923
Hernán Cortés,1924
Hero of Ukraine,1925
Hero of the Russian Federation,1926
Herodotus,1927
Heron,1928
Herrerasaurus,1929
Herring Gull,1930
Hey Jude,1931
Hickman's potentilla,1932
High German consonant shift,1933
Hilda of Whitby,1934
Himalayas,1935
Himno Nacional Mexicano,1936
Hindi,1937
Hinduism,1938
Hip hop music,1939
Hippocrates,1940
Hippopotamus,1941
Hiroh Kikai,1942
Hirohito,1943
History,1944
History of Alaska,1945
History of Anglo-Saxon England,1946
History of Arizona,1947
History of Buddhism,1948
History of Burnside,1949
History of Cape Colony from 1806 to 1870,1950
History of Cape Colony from 1870 to 1899,1951
History of Central Asia,1952
History of Earth,1953
History of Greece,1954
History of Greenland,1955
History of Limerick,1956
"History of Louisville, Kentucky",1957
"History of Miami, Florida",1958
History of New Jersey,1959
History of Northwest Territories capital cities,1960
History of Poland (1945–1989),1961
History of Portugal (1777–1834),1962
History of Puerto Rico,1963
History of Russia,1964
History of Singapore,1965
History of Solidarity,1966
History of South Africa,1967
History of South Africa in the apartheid era,1968
History of South Carolina,1969
History of Wikipedia,1970
History of computing hardware,1971
History of democracy,1972
History of education,1973
History of merit badges (Boy Scouts of America),1974
History of nuclear weapons,1975
History of painting,1976
History of post-Soviet Russia,1977
History of saffron,1978
History of science,1979
History of slavery,1980
History of the Australian Capital Territory,1981
History of the Grand Canyon area,1982
History of the Internet,1983
History of the Netherlands,1984
History of the Panama Canal,1985
History of the Portuguese Communist Party,1986
History of the Royal Australian Navy,1987
History of the West Indian cricket team,1988
History of the world,1989
Ho Chi Minh,1990
Ho Chi Minh City,1991
Holkham Hall,1992
Hollandic,1993
Holmium,1994
Holy Roman Empire,1995
Homer,1996
Homestar Runner,1997
Homo floresiensis,1998
Honduras,1999
Honey,2000
Honey bee,2001
Hong Kong,2002
Hoover Dam,2003
Hopman Cup,2004
"Horatio Nelson, 1st Viscount Nelson",2005
Horn of Africa,2006
Horse,2007
Hot air balloon,2008
House,2009
House Martin,2010
House Sparrow,2011
House of Lords,2012
Household income in the United States,2013
"Houston, Texas",2014
Hovercraft,2015
Howards End,2016
Howland Island,2017
Hrafnkels saga,2018
Hubbard Glacier,2019
Hubble's law,2020
Hubble Deep Field,2021
Hubble Space Telescope,2022
Hudson Bay,2023
Hugo Wolf,2024
Human,2025
Human abdomen,2026
Human dignity,2027
Human rights,2028
Humanism,2029
Humanities,2030
Humbert Roque Versace,2031
Humour,2032
Humpback Whale,2033
Humphry Davy,2034
Humus,2035
Hundred Years' War,2036
Hungary,2037
Hunger,2038
Huntington's disease,2039
Hurricane Alex (2004),2040
Hurricane Andrew,2041
Hurricane Camille,2042
Hurricane Charley,2043
Hurricane Danny (1997),2044
Hurricane David,2045
Hurricane Dennis,2046
Hurricane Edouard (1996),2047
Hurricane Epsilon (2005),2048
Hurricane Felix (1995),2049
Hurricane Floyd,2050
Hurricane Georges,2051
Hurricane Gloria,2052
Hurricane Ivan,2053
Hurricane John (1994),2054
Hurricane John (2006),2055
Hurricane Katrina,2056
Hurricane Lenny,2057
Hurricane Marty (2003),2058
Hurricane Mitch,2059
Hurricane Philippe (2005),2060
Hurricane Vince (2005),2061
Husein Gradaščević,2062
Hutu,2063
"Hyde Park, London",2064
Hydrochloric acid,2065
Hydrogen,2066
Hydrogen peroxide,2067
Hydrology,2068
Hyena,2069
Hymenoptera,2070
Hypsilophodon,2071
IG Farben Building,2072
IPod,2073
ITunes,2074
I Ching,2075
I Want to Hold Your Hand,2076
Ibn Battuta,2077
Ice,2078
Ice age,2079
Ice hockey,2080
Ice sheet,2081
Iceland,2082
Iceland hotspot,2083
Ichthyosaur,2084
Idit Harel Caperton,2085
Idolatry,2086
Igneous rock,2087
Igor Stravinsky,2088
Iguanodon,2089
Ike Altgens,2090
Imagism,2091
Immanuel Kant,2092
Imperative programming,2093
Imperial Japanese Navy,2094
Impressionism,2095
Inca Empire,2096
Income disparity,2097
India,2098
Indian Institutes of Technology,2099
Indian Ocean,2100
Indian Peafowl,2101
Indian Railways,2102
Indian Standard Time,2103
Indian cricket team,2104
Indian independence movement,2105
Indira Gandhi,2106
Indium,2107
Indo-Greek Kingdom,2108
Indonesia,2109
Indonesian language,2110
Indricotherium,2111
Inductance,2112
Indus River,2113
Indus Valley Civilization,2114
Industrial Revolution,2115
Industry,2116
Information,2117
Infrastructure,2118
Inner Hebrides,2119
Insect,2120
Insulin,2121
Integrated circuit,2122
Intel Corporation,2123
Intelligence,2124
InterBase,2125
International Court of Justice,2126
International English,2127
International Red Cross and Red Crescent Movement,2128
International Space Station,2129
International human rights instruments,2130
International law,2131
Internet,2132
Internet Explorer,2133
Interpol,2134
Introduction to special relativity,2135
Invasion,2136
Invasion of Grenada,2137
Invasive species,2138
Invertebrate,2139
Investment banking,2140
Iodine,2141
Iowa class battleship,2142
Ipswich,2143
Iran,2144
Iranian peoples,2145
Iraq,2146
Iraq War,2147
Iraq and weapons of mass destruction,2148
Ireland,2149
Ireland King of Arms,2150
Iridium,2151
Irish Sea,2152
Irish people,2153
Irish poetry,2154
Irish theatre,2155
Iron,2156
Iron(III) chloride,2157
Iron Age,2158
Iron Maiden,2159
Iron Mike,2160
Irrigation,2161
Isaac,2162
Isaac Asimov,2163
Isaac Brock,2164
Isaac Newton,2165
Isambard Kingdom Brunel,2166
Isan,2167
Ishango bone,2168
Isis,2169
Islam,2170
Islamic republic,2171
Island Fox,2172
Isle of Man,2173
Isle of Wight,2174
Isles of Scilly,2175
Isospin,2176
Israel,2177
Issyk Kul,2178
Istanbul,2179
Italian Renaissance,2180
Italian War of 1521,2181
Italo disco,2182
Italy,2183
Ivan IV of Russia,2184
Ivory,2185
Ivory-billed Woodpecker,2186
Jórvík,2187
Józef Piłsudski,2188
J. J. Thomson,2189
J. K. Rowling,2190
J. M. W. Turner,2191
J. R. R. Tolkien,2192
J. S. Fry & Sons,2193
Jack Kerouac,2194
Jackal,2195
Jackanory,2196
Jackdaw,2197
Jackie Robinson,2198
Jacob Riis,2199
Jacobite rising,2200
Jacques-Louis David,2201
Jacques Cartier,2202
Jakarta,2203
Jake Gyllenhaal,2204
Jamaica,2205
James Bond,2206
James Buchanan,2207
James Callaghan,2208
James Clerk Maxwell,2209
James Cook,2210
James D. Watson,2211
James Garfield,2212
James II of England,2213
James I of England,2214
James Joyce,2215
James K. Polk,2216
James Lovelock,2217
James Monroe,2218
James Stewart (actor),2219
"James T. Aubrey, Jr.",2220
James Watt,2221
Jan Mayen,2222
Jane Austen,2223
Jane Eyre,2224
Jane Fonda,2225
Japan,2226
Japanese grammar,2227
Japanese war crimes,2228
Japanese yen,2229
Jarvis Island,2230
Jaws (film),2231
Jazz,2232
Jean-Jacques Rousseau,2233
Jean Charles de Menezes,2234
Jehovah,2235
Jerry Fodor,2236
Jersey,2237
Jersey Zoological Park,2238
Jerusalem,2239
Jesse Owens,2240
Jesus,2241
Jet Set Willy,2242
Jet engine,2243
Jew,2244
Jewellery,2245
Jiaogulan,2246
Jimmy Carter,2247
Jimmy Wales,2248
Joan of Arc,2249
Jocelin,2250
Joel Brand,2251
Johann Pachelbel,2252
Johann Sebastian Bach,2253
Johann Wolfgang Goethe,2254
Johannes Gutenberg,2255
Johannes Kepler,2256
Johannes Ockeghem,2257
Johannesburg,2258
John A.T. Robinson,2259
John Adams,2260
John Bull (locomotive),2261
John Cabot,2262
John Calvin,2263
John Constable,2264
John Dee,2265
John F. Kennedy,2266
John F. Kennedy assassination,2267
John Flamsteed,2268
John Henninger Reagan,2269
John Howard,2270
John Locke,2271
John Logie Baird,2272
John Marshall,2273
John Maynard Keynes,2274
John McEnroe,2275
John Millington Synge,2276
John Milton,2277
John Pershing,2278
"John Seigenthaler, Sr.",2279
John Sentamu,2280
John Tyler,2281
John Vanbrugh,2282
John W. Campbell,2283
John W. Johnston,2284
John of England,2285
John von Neumann,2286
Johnny Appleseed,2287
Johnston Atoll,2288
Jomsvikings,2289
Jonah Lomu,2290
Jonathan Wild,2291
Jordan,2292
Jordan River,2293
Jordanhill railway station,2294
Jorge Luis Borges,2295
Joseph Haydn,2296
Joseph Stalin,2297
Joseph and the Amazing Technicolor Dreamcoat,2298
Josephus,2299
Juan Sebastián Elcano,2300
Judaism,2301
Juice,2302
Julius Caesar,2303
Julius and Ethel Rosenberg,2304
July 2006 Java earthquake,2305
Jump rope,2306
Juniper berry,2307
Jupiter,2308
Jupiter (mythology),2309
Jurassic,2310
Juvenile delinquency,2311
Jyllands-Posten Muhammad cartoons controversy,2312
Kīlauea,2313
Kaffir lime,2314
Kakapo,2315
Kakariki,2316
Kangaroo,2317
"Kansas City, Missouri",2318
Karachi,2319
Kargil War,2320
Karikkoselkä,2321
Karl Benz,2322
Karl Marx,2323
Karl Popper,2324
Kashmir region,2325
Katana,2326
Katyn massacre,2327
Kazakhstan,2328
Keira Knightley,2329
Kenya,2330
Kerala,2331
Kestrel,2332
Keurusselkä,2333
Kevin Spacey,2334
Khan Wali Khan,2335
Khartoum,2336
Khazars,2337
Khudai Khidmatgar,2338
Kidnapped (novel),2339
Kiev,2340
Kigali,2341
Kigo,2342
King Arthur,2343
King Kong (1933 film),2344
King Kong (2005 film),2345
Kingman Reef,2346
Kipchaks in Georgia,2347
Kiribati,2348
Kite (bird),2349
Kitsch,2350
Klinefelter's syndrome,2351
Knights of Columbus,2352
Kochi (India),2353
Kofi Annan,2354
Kohlberg's stages of moral development,2355
Kolkata,2356
Konrad Lorenz,2357
Kookaburra,2358
Korea,2359
Koryaksky,2360
Kosovo,2361
Krag-Jørgensen,2362
Krakatoa,2363
Krazy Kat,2364
Krill,2365
Krypton,2366
Ku Klux Klan,2367
Kuala Lumpur,2368
Kubla Khan,2369
Kuiper belt,2370
Kurt Cobain,2371
Kuru (disease),2372
Kuwait,2373
Kuwait City,2374
Kylie Minogue,2375
Kyoto Protocol,2376
Kyrgyzstan,2377
L. S. Lowry,2378
LANSA Cuzco Crash,2379
La Grande Armée,2380
La Paz,2381
Labor Day Hurricane of 1935,2382
Ladysmith Black Mambazo,2383
Lagos,2384
Laika,2385
Lake Albert,2386
Lake Baikal,2387
Lake Burley Griffin,2388
Lake Chad,2389
Lake District,2390
Lake Edward,2391
Lake Kariba,2392
Lake Kivu,2393
Lake Malawi,2394
Lake Mead,2395
Lake Powell,2396
Lake Superior,2397
Lake Tahoe,2398
Lake Tanganyika,2399
Lake Titicaca,2400
Lake Toba,2401
Lake Turkana,2402
Lake Victoria,2403
Lake Vostok,2404
Lance Armstrong,2405
Lancia Flaminia,2406
Land (economics),2407
Landform,2408
Landscape,2409
Language,2410
Lanthanum,2411
Laos,2412
Laozi,2413
Las Palmas de Gran Canaria,2414
"Las Vegas, Nevada",2415
Last Supper,2416
Latin,2417
Latin America,2418
Latin alphabet,2419
Latvia,2420
Laurence Olivier,2421
Laurent Fignon,2422
Lavender,2423
Law,2424
Lawn,2425
Lawrencium,2426
Laws in Wales Acts 1535–1542,2427
Layla,2428
Lead,2429
Lead(II) nitrate,2430
League of Nations,2431
Leaning Tower of Pisa,2432
Lebanon,2433
Leeds,2434
Lego,2435
Leicester,2436
Leif Ericson,2437
Leisure,2438
Lemon,2439
Lemon balm,2440
Lemon myrtle,2441
Lens (anatomy),2442
Leo (constellation),2443
Leo Tolstoy,2444
Leon Trotsky,2445
Leonardo da Vinci,2446
Leonhard Euler,2447
Lerwick,2448
Lesotho,2449
Lesothosaurus,2450
Lettuce,2451
"Levee failures in Greater New Orleans, 2005",2452
Lhasa,2453
Liberal Democrats,2454
Liberal democracy,2455
Liberalism,2456
Liberia,2457
Libertarianism,2458
Library,2459
Library of Alexandria,2460
Library of Congress,2461
Libreville,2462
Libya,2463
Liechtenstein,2464
Life,2465
Light,2466
Lighthouse of Alexandria,2467
Lighting designer,2468
Lightning rod,2469
Lille,2470
Lilongwe,2471
Lima,2472
Limerick,2473
Lincoln (automobile),2474
Lincoln Town Car,2475
Lindisfarne Gospels,2476
Linear algebra,2477
Linguistics,2478
Link (The Legend of Zelda),2479
Linnet,2480
Linus Pauling,2481
Linus Torvalds,2482
Linux,2483
Lion,2484
Lipid,2485
Liquid crystal,2486
Lisbon,2487
List of African countries,2488
List of Archbishops of Canterbury,2489
List of Asian countries,2490
List of Canadian provinces and territories by area,2491
List of European Union member states by accession,2492
List of European countries,2493
List of French monarchs,2494
List of North American countries,2495
List of Oceanian countries,2496
List of Prime Ministers of the United Kingdom,2497
List of South American countries,2498
List of Test cricket triple centuries,2499
List of U.S. states by date of statehood,2500
List of animal welfare groups,2501
List of areas in the National Park System of the United States,2502
List of circulating currencies,2503
List of countries,2504
List of countries by system of government,2505
List of elements by name,2506
List of essential oils,2507
List of lakes,2508
List of members of the Commonwealth of Nations by date joined,2509
List of minerals,2510
List of monarchs in the British Isles,2511
List of particles,2512
List of popes,2513
List of rivers by length,2514
List of sovereign states,2515
List of universities in the United Kingdom,2516
List of vegetable oils,2517
List of world's largest lakes,2518
Literacy,2519
Literature,2520
Lithium,2521
Lithium aluminium hydride,2522
Lithuania,2523
Little Women,2524
Liverpool,2525
Liverpool F.C.,2526
Liverpool and Manchester Railway,2527
Llandudno,2528
Llywelyn the Great,2529
Local community,2530
Local government in the United Kingdom,2531
Loch,2532
Loch Ness,2533
Logba language,2534
Logic,2535
Logistics,2536
Lomé,2537
London,2538
London Bridge,2539
London Underground,2540
London Zoo,2541
London sewerage system,2542
Lone Wolf (gamebooks),2543
Long-billed Vulture,2544
Long-tailed Tit,2545
Long pepper,2546
Longship,2547
Looney Tunes,2548
Lope de Barrientos,2549
Lord's Resistance Army,2550
Lord Voldemort,2551
"Los Angeles, California",2552
Lost (TV series),2553
Lothal,2554
Lottie Dod,2555
Louis Armstrong,2556
Louis Freeh,2557
Louis Jordan,2558
Louis Pasteur,2559
Louis XIV of France,2560
"Louisville, Kentucky",2561
Lovage,2562
Love,2563
"Lucy, Lady Duff-Gordon",2564
Ludwig Wittgenstein,2565
Ludwig van Beethoven,2566
Luftwaffe,2567
Luminiferous aether,2568
Lunar eclipse,2569
Lung cancer,2570
Lusaka,2571
Lutetium,2572
Luxembourg,2573
Luxembourg (city),2574
Lyme disease,2575
Lyndon B. Johnson,2576
Lynton and Barnstaple Railway,2577
Lyon,2578
M*A*S*H (TV series),2579
M-10001,2580
M-10003-6,2581
M1 motorway,2582
M25 motorway,2583
M6 motorway,2584
MINI (BMW),2585
Macau,2586
Macbeth,2587
Macbeth of Scotland,2588
Macedon,2589
Machu Picchu,2590
Macintosh,2591
Mackenzie River,2592
Madagascar,2593
Madama Butterfly,2594
Madrid,2595
Magdalena Abakanowicz,2596
Magellanic Penguin,2597
Maghreb,2598
Magic  The Gathering,2599
Maglev train,2600
Magma,2601
Magna Carta,2602
Magnesium,2603
Magnet,2604
Magnetism,2605
Magpie,2606
Mahabharata,2607
Mahatma Gandhi,2608
Mahjong,2609
Mahmoud Abbas,2610
Maiasaura,2611
Maize,2612
Makuria,2613
Malaria,2614
Malaspina Glacier,2615
Malawi,2616
Malaysia,2617
Malcolm III of Scotland,2618
Malcolm II of Scotland,2619
Malcolm X,2620
Maldives,2621
Mali,2622
Mallard,2623
Malta,2624
Malwa (Madhya Pradesh),2625
Mamenchisaurus,2626
Mammal,2627
Mammoth,2628
Mammoth Cave National Park,2629
Mancala,2630
Manchester,2631
Manchester United F.C.,2632
Mandan,2633
Manganese,2634
Mango,2635
Manifest Destiny,2636
Manifold,2637
Manila,2638
Manorialism,2639
Manuel I Komnenos,2640
Manufacturing,2641
Mao Zedong,2642
Map projection,2643
Maputo,2644
Marc Pugh,2645
Marcel Lefebvre,2646
Marcel Proust,2647
Marco Polo,2648
Marcus Allen,2649
Margaret Sanger,2650
Margaret Thatcher,2651
Margate,2652
Margin of error,2653
Marginated Tortoise,2654
Marie Curie,2655
Mario,2656
Marjoram,2657
Mark Antony,2658
Mark Twain,2659
Mark Twain House,2660
Mark Webber,2661
Market,2662
Markup language,2663
Mars,2664
Mars Exploration Rover,2665
Mars Reconnaissance Orbiter,2666
Marseille,2667
Marshall Islands,2668
Marshall Plan,2669
Martello tower,2670
Martin Luther,2671
"Martin Luther King, Jr.",2672
Martin Van Buren,2673
Martina Navratilova,2674
Martinique,2675
Marvin Gaye,2676
Marxism,2677
Mary II of England,2678
Mary I of England,2679
Mary I of Scotland,2680
Mary Kingsley,2681
Mary Seacole,2682
Mary Somerville,2683
Maseru,2684
Mass Rapid Transit (Singapore),2685
Mass media,2686
Massospondylus,2687
Material properties of diamond,2688
Mathematical analysis,2689
Mathematics,2690
Matilda of Boulogne,2691
Matrix (mathematics),2692
Matsuo Bashō,2693
Matter,2694
Matthew Brettingham,2695
Mauna Loa,2696
Mauritania,2697
Mauritius,2698
Mausoleum of Maussollos,2699
Mauthausen-Gusen concentration camp,2700
Max Planck,2701
Max Weber,2702
Maxwell's equations,2703
Maya civilization,2704
Maya mythology,2705
Mayotte,2706
Mbabane,2707
McFly (band),2708
Meander,2709
Measles,2710
Measurement,2711
Meat,2712
Mecca,2713
Mechanical work,2714
Medal of Honor,2715
Medicine,2716
Medieval commune,2717
Medieval literature,2718
Medieval music,2719
Mediterranean Sea,2720
Mega Man X (character),2721
Meitnerium,2722
Mekong,2723
Melbourne,2724
Mendelevium,2725
Mendip Hills,2726
Meningitis,2727
Menstrual cycle,2728
Mentha,2729
Menthol,2730
Mercantilism,2731
Mercia,2732
Mercury (element),2733
Mercury (planet),2734
Merrimack River,2735
Merseburg Incantations,2736
Mesopotamia,2737
Mestizo,2738
Metal,2739
Metallurgy,2740
Metamorphic rock,2741
Meteor,2742
Meteor shower,2743
Meteorological history of Hurricane Katrina,2744
Meteorology,2745
Metric expansion of space,2746
Mexico,2747
Mexico City,2748
"Miami, Florida",2749
Michael Faraday,2750
Michael Jordan,2751
Michael Ramsey,2752
Michael Woodruff,2753
Michelangelo,2754
Michigan State University,2755
Mickey Mantle,2756
Microraptor,2757
Microscope,2758
Microsoft,2759
Microsoft Windows,2760
Middle Ages,2761
Middle East,2762
Midway Atoll,2763
Miguel de Cervantes,2764
Mikhail Gorbachev,2765
Milan,2766
Miles Davis,2767
Milgram experiment,2768
Military dictatorship,2769
Military history of Canada,2770
Military history of France,2771
Military history of Puerto Rico,2772
Military history of the Soviet Union,2773
Milk,2774
Milk thistle,2775
Milkshake,2776
Milky Way,2777
Millard Fillmore,2778
Milton Keynes,2779
Mind,2780
Mineral,2781
Ming Dynasty,2782
Mini,2783
Minimum wage,2784
Mining,2785
Minmi (dinosaur),2786
"Minneapolis, Minnesota",2787
Minnesota,2788
Minoan civilization,2789
Minstrel show,2790
Miocene,2791
Mir,2792
Mirabilis (plant),2793
Miranda Otto,2794
Mississippi River,2795
Missouri River,2796
Mistle Thrush,2797
Mitochondrial Eve,2798
Mitochondrion,2799
Mixed-breed dog,2800
Mixtape,2801
Modern history,2802
Modernist poetry in English,2803
Mogadishu,2804
Mohs scale of mineral hardness,2805
Moldova,2806
Moldovans,2807
Mole (animal),2808
Molybdenum,2809
Momentum,2810
Mona Lisa,2811
Monaco,2812
Monaco Grand Prix,2813
Monarchies in the European Union,2814
Monarchy,2815
Monarda didyma,2816
Money,2817
Mongol Empire,2818
Mongol invasion of Central Asia,2819
Mongolia,2820
Mongoose,2821
Monkey,2822
Monoclonius,2823
Monopoly (game),2824
Monrovia,2825
Montenegro,2826
Montevideo,2827
Montreal,2828
Montreal Metro,2829
Montserrat,2830
Monty Python,2831
Moon,2832
Moon landing,2833
Moore's Law,2834
Moorgate,2835
Moorhen,2836
Morecambe Bay,2837
Morecambe and Wise,2838
Moringa oleifera,2839
Mormon,2840
Mormon Trail,2841
Morocco,2842
Morphine,2843
Morris dance,2844
Mosaic,2845
Moscow,2846
Mosque,2847
Moss,2848
Mother Teresa,2849
Motion (physics),2850
Mount Baker,2851
Mount Everest,2852
Mount Kilimanjaro,2853
Mount Nyiragongo,2854
"Mount Osmond, South Australia",2855
Mount Pinatubo,2856
Mount Rainier,2857
Mount Rushmore,2858
Mount St. Helens,2859
Mount Unzen,2860
Mount Vesuvius,2861
Mountain Gorilla,2862
Mozambique,2863
Mozilla Firefox,2864
Mu Arae,2865
Muhammad,2866
Muhammad Ali,2867
Muhammad Ali Jinnah,2868
Muhammad Iqbal,2869
Muhammad ibn Musa al-Khwarizmi,2870
Multiculturalism,2871
Multiple sclerosis,2872
Multiple sequence alignment,2873
Mumbai,2874
Mummy,2875
Munich,2876
Murray River,2877
"Muscat, Oman",2878
Music,2879
Music of Albania,2880
Music of Antigua and Barbuda,2881
Music of Barbados,2882
Music of Dominica,2883
Music of Hawaii,2884
Music of Hungary,2885
Music of Ireland,2886
Music of Italy,2887
Music of Martinique and Guadeloupe,2888
Music of New Zealand,2889
Music of Spain,2890
Music of Thailand,2891
Music of Trinidad and Tobago,2892
Music of the Bahamas,2893
Music of the Lesser Antilles,2894
Music of the United States,2895
Music of the trecento,2896
Musical instrument,2897
Mustard plant,2898
Mustard seed,2899
Muttaburrasaurus,2900
Myanmar,2901
Myco-heterotrophy,2902
Myers-Briggs Type Indicator,2903
Myocardial infarction,2904
Mysticism,2905
Mythology,2906
Myxobolus cerebralis,2907
NATO,2908
Nadia Comăneci,2909
Nagorno-Karabakh War,2910
Nahuatl language,2911
Nairobi,2912
Naked Mole Rat,2913
Names of God in Judaism,2914
Namibia,2915
Nanomedicine,2916
Napoleon I of France,2917
Napoleonic Wars,2918
Napster,2919
Nash equilibrium,2920
"Nashville, Tennessee",2921
Natalie Portman,2922
Nathu La,2923
National Anthem of Russia,2924
"National Gallery, London",2925
National Hockey League,2926
National parks of England and Wales,2927
Nationalism,2928
Nationality,2929
Natural disaster,2930
Natural gas,2931
Natural selection,2932
Nature,2933
Nauru,2934
Naval Battle of Guadalcanal,2935
Navassa Island,2936
Nazi Germany,2937
Nazism,2938
Necktie,2939
Negros Oriental,2940
Neighbours,2941
Neil Armstrong,2942
Neil Young,2943
Nelson Mandela,2944
Nematode,2945
Neoclassicism,2946
Neodymium,2947
Neon,2948
Nepal,2949
Nepenthes rajah,2950
Nephron,2951
Neptune,2952
Neptunium,2953
Netball,2954
Netherlands,2955
Netherlands Antilles,2956
Neutron,2957
New Caledonia,2958
New Delhi,2959
New England Patriots,2960
New Forest,2961
New York City,2962
New York City Subway nomenclature,2963
New Zealand,2964
New moon,2965
"Newark, New Jersey",2966
Newcastle upon Tyne,2967
Newmarket,2968
Newshounds,2969
Newspaper,2970
Newsround,2971
Niagara Falls,2972
Nicaragua,2973
Niccolò Machiavelli,2974
Niccolò Paganini,2975
Niccolò dell'Abbate,2976
Nickel,2977
Nicobar Long-tailed Macaque,2978
Nicolaus Copernicus,2979
Niels Bohr,2980
Nigella,2981
Niger,2982
Niger River,2983
Nigeria,2984
Nightingale,2985
Nikola Tesla,2986
Nikolai Rimsky-Korsakov,2987
Nile,2988
Nine Million Bicycles,2989
Nineteen Eighty-Four,2990
Nintendo,2991
Nintendo DS,2992
Nintendo Entertainment System,2993
Niobium,2994
Nirvana (band),2995
Nitrification,2996
Nitrogen,2997
Nitrogen cycle,2998
Nitrogen fixation,2999
Niue,3000
Noam Chomsky,3001
Nobel Peace Prize,3002
Nobelium,3003
Nobiin language,3004
Norfolk,3005
Norfolk Island,3006
Norman Borlaug,3007
Norman conquest of England,3008
Norse mythology,3009
North Africa,3010
North America,3011
North Atlantic oscillation,3012
North Korea,3013
North Sea,3014
North Sea flood of 1953,3015
North Sea oil,3016
Northern Ireland,3017
Northern Mariana Islands,3018
Northern Pacific Railway,3019
Northwest Africa,3020
Norway,3021
Norwich,3022
Nostradamus,3023
Nottingham,3024
Nouakchott,3025
Novel,3026
Novelty (locomotive),3027
Nuclear fission,3028
Nuclear power,3029
Nuclear weapon,3030
Number,3031
Numismatics,3032
Nurse sharks,3033
Nuthatch,3034
Nutmeg,3035
Nutrition,3036
Oasis (band),3037
Oat,3038
Obi-Wan Kenobi,3039
Ocean,3040
Oceania,3041
Oceanography,3042
Odin,3043
Odysseus,3044
Odyssey,3045
Oenothera,3046
Ohm,3047
Oil painting,3048
Oil refinery,3049
Oil reservoir,3050
Okapi,3051
Olaudah Equiano,3052
Old English language,3053
Old Nubian language,3054
Old Swiss Confederacy,3055
Oleg of Novgorod,3056
Oligarchy,3057
Oligocene,3058
Olive oil,3059
Oliver Cromwell,3060
Oliver Twist,3061
Ollanta Humala,3062
Olmec,3063
Olympic Games,3064
Oman,3065
Omega-3 fatty acid,3066
One Flew Over the Cuckoo's Nest (novel),3067
One Foot in the Grave,3068
Onion,3069
Onion dome,3070
OpenBSD,3071
OpenOffice.org,3072
Open cluster,3073
Open source,3074
Opera,3075
Oppression,3076
Optical fiber,3077
Optical microscope,3078
Optical telescope,3079
Opuntia imbricata,3080
Opus Dei,3081
Orbit (anatomy),3082
Orca,3083
Order of Canada,3084
Order of St. Patrick,3085
Order of the Bath,3086
Order of the Garter,3087
Order of the Thistle,3088
Ordinal number,3089
Ordinary differential equation,3090
Ordination of women,3091
Ordovician,3092
Oregano,3093
Oregon,3094
Organism,3095
Organization,3096
Orion Nebula,3097
Orkney,3098
Ormulum,3099
Ornithischia,3100
Oroonoko,3101
Osaka,3102
Osama bin Laden,3103
Osiris,3104
Oslo,3105
Osmium,3106
Osprey,3107
Osteomalacia,3108
Ostrich,3109
Oswald of Northumbria,3110
Ottawa,3111
Otter,3112
Otto von Bismarck,3113
Ottoman Empire,3114
Ouagadougou,3115
Outer Hebrides,3116
Overseas Railroad,3117
Oviraptor,3118
Owl,3119
Oxbow lake,3120
Oxford,3121
Oxygen,3122
Oxyrhynchus,3123
Ozone,3124
Ozone depletion,3125
Póvoa de Varzim,3126
PONG,3127
PRR GG1,3128
PRR M1,3129
PSR B1620-26c,3130
Pablo Picasso,3131
Pac-Man,3132
Pachycephalosaurus,3133
Pacific Ocean,3134
Painting,3135
Pakistan,3136
Palace of Westminster,3137
Palau,3138
Palazzo Pitti,3139
Paleocene,3140
Paleontology,3141
Palestinian territories,3142
Pali Canon,3143
Palio di Siena,3144
Palladian architecture,3145
Palladium,3146
Palm oil,3147
Palmyra Atoll,3148
Pan Am Flight 103,3149
Panama,3150
Panama Canal,3151
Pandanus,3152
Papal conclave,3153
Paprika,3154
Papua New Guinea,3155
Paraguay,3156
Parasaurolophus,3157
Paricutín,3158
Paris,3159
Park,3160
Parliament of Canada,3161
Parliament of Malaysia,3162
Parliament of the United Kingdom,3163
Parliamentary system,3164
Parrot,3165
Parsley,3166
Parsnip,3167
Parthenon,3168
Pashtun people,3169
Passenger Pigeon,3170
Pat Cash,3171
Patna,3172
Paul Cézanne,3173
Paul Dirac,3174
Paul Kane,3175
Paul McCartney,3176
Paul of Tarsus,3177
Pea,3178
Peace,3179
Peaceful coexistence,3180
Peafowl,3181
Peak District,3182
Peanut,3183
Pearl,3184
Pedagogy,3185
Pedro del Valle,3186
Pelé,3187
Pelagic zone,3188
Pellagra,3189
Pelycosaur,3190
Penda of Mercia,3191
Penguin,3192
Pennine Way,3193
Pennsylvania Railroad,3194
Pentateuch,3195
People's Republic of China,3196
Pere Marquette 1225,3197
Peregrine Falcon,3198
Perfect number,3199
Pericles,3200
Periodic table,3201
Periodic table (large version),3202
Perl,3203
Permian,3204
Pernicious anemia,3205
Persian Empire,3206
Persian Gulf,3207
Persian literature,3208
"Perth, Western Australia",3209
Peru,3210
Pete Sampras,3211
Peter Grimes,3212
Peter I of Russia,3213
Peter Paul Rubens,3214
Peterborough Chronicle,3215
Petroleum,3216
Phase (matter),3217
Pheidippides,3218
Phenylketonuria,3219
Philadelphia,3220
Philately,3221
Philip II of Spain,3222
Philippines,3223
Philosophiae Naturalis Principia Mathematica,3224
Philosophy,3225
Philosophy of mind,3226
Phineas Gage,3227
Phishing,3228
Phla-Pherá languages,3229
Phoenix (spacecraft),3230
Phoenix Zoo,3231
Phonograph cylinder,3232
Phosphorus,3233
Phosphorus tribromide,3234
Phosphorus trichloride,3235
Phosphoryl chloride,3236
Photography,3237
Photon,3238
Photosynthesis,3239
Photosynthetic reaction centre,3240
Photovoltaic array,3241
Physical paradox,3242
Physical science,3243
Physics,3244
Pi,3245
Piano,3246
Piccadilly Circus,3247
Picts,3248
Pied Avocet,3249
Pig,3250
Pigeon,3251
Pigment,3252
Pikachu,3253
Pink Pigeon,3254
Pinworm,3255
Pitcairn Islands,3256
Plains Zebra,3257
Planet,3258
Planetary habitability,3259
Planetary nebula,3260
Plant,3261
Plant cell,3262
Plasma (physics),3263
Plate tectonics,3264
Plateosaurus,3265
Platinum,3266
Plato,3267
Platypus,3268
Playing card,3269
Pleiades (star cluster),3270
Plesiosaur,3271
Pliocene,3272
Plover,3273
Plum,3274
Pluto,3275
Plutonium,3276
Plymouth,3277
Pneumonia,3278
Pochard,3279
Podcasting,3280
Poetry,3281
Poetry of the United States,3282
Poison gas in World War I,3283
Pokémon Trading Card Game,3284
Poland,3285
Polar coordinate system,3286
Polar ice cap,3287
Police,3288
Police state,3289
Polish–Muscovite War (1605–1618),3290
Polish-Lithuanian Commonwealth,3291
Polish-Muscovite War (1605–1618),3292
Polish-Soviet War,3293
Political economy,3294
Political integration of India,3295
Political philosophy,3296
Political science,3297
Politics,3298
Politics of the United Kingdom,3299
Pollinator,3300
Pollinator decline,3301
Pollution,3302
Polonium,3303
Polymerase chain reaction,3304
Pompeii,3305
Pond,3306
Pontiac's Rebellion,3307
Pony,3308
Poor Law,3309
Pop Idol,3310
Pope,3311
Pope Benedict XVI,3312
Pope John Paul II,3313
Pope Pius XII,3314
Popular culture,3315
Popular culture studies,3316
Population history of American indigenous peoples,3317
Porgy and Bess,3318
Port Louis,3319
Porto-Novo,3320
Portsmouth,3321
Portugal,3322
Portuguese Communist Party,3323
Portuguese language,3324
Post-glacial rebound,3325
Postage stamp,3326
Postman Pat,3327
Potassium,3328
Potassium iodide,3329
Potassium nitrate,3330
Potato,3331
Pottery,3332
Poultry,3333
Pound sterling,3334
Poverty,3335
Prague,3336
Praia,3337
Praseodymium,3338
Pre-Raphaelite Brotherhood,3339
Precambrian,3340
Prehistoric man,3341
President of the United States,3342
Pretoria,3343
Pride and Prejudice,3344
Prime Minister of the United Kingdom,3345
Prime number,3346
Primula,3347
Princeton University,3348
Principality,3349
Printmaking,3350
Prion,3351
Private Peaceful,3352
Privy Council of the United Kingdom,3353
Pro Milone,3354
Probability theory,3355
Programming language,3356
Project MKULTRA,3357
Project Vanguard,3358
Promethium,3359
Propaganda,3360
Property,3361
Prospecting,3362
Prostate cancer,3363
Protactinium,3364
Protein,3365
Protoceratops,3366
Proton,3367
Proxima Centauri,3368
Psittacosaurus,3369
Psychology,3370
Pterosaur,3371
Ptolemy,3372
Publishing,3373
Puerto Rico,3374
Puffin,3375
Pumpkin,3376
Punctuated equilibrium,3377
Pupil,3378
Pygmy Hippopotamus,3379
Pyongyang,3380
Pyotr Ilyich Tchaikovsky,3381
Pyramid,3382
Pyrite,3383
Pythagoras,3384
Pythagorean theorem,3385
Python (programming language),3386
Qatar,3387
Qin Dynasty,3388
Qin Shi Huang,3389
Qing Dynasty,3390
Quantity,3391
Quantum chemistry,3392
Quantum computer,3393
Quantum mechanics,3394
Quark,3395
Quartz,3396
Quatermass and the Pit,3397
Queen (band),3398
Quetzalcoatl,3399
Quito,3400
Qur'an,3401
Réunion,3402
RER,3403
RMS Titanic,3404
ROT13,3405
RSS (file format),3406
Rabat,3407
Rabbit,3408
Rabies,3409
Rabindranath Tagore,3410
Race,3411
Radar,3412
Radhanite,3413
Radio,3414
Radio frequency,3415
Radio telescope,3416
Radish,3417
Radium,3418
Radon,3419
Ragtime,3420
Rail transport,3421
Rail transport in India,3422
Railway post office,3423
Rain,3424
Rainbow,3425
Rainforest,3426
Rainhill Trials,3427
Raising the Flag on Iwo Jima,3428
Ralph Nader,3429
Rama,3430
Ramayana,3431
Ramesses II,3432
Ramsgate,3433
Ran (film),3434
Raney nickel,3435
Raphael,3436
Rapping,3437
Raven,3438
Ray of Light,3439
Real tennis,3440
Rebecca Helferich Clarke,3441
Recorder,3442
Recycling,3443
Red Kite,3444
Red Panda,3445
Red Sea,3446
Red dwarf,3447
Red giant,3448
Red rain in Kerala,3449
Redshift,3450
Redwing,3451
Redwood National and State Parks,3452
Reed Bunting,3453
Reed Warbler,3454
Refining,3455
Refrigerator car,3456
Regent's Park,3457
Reggae,3458
Reggaeton,3459
Religion,3460
Religious Society of Friends,3461
Rembrandt,3462
René Descartes,3463
Renaissance,3464
Renaissance music,3465
Renminbi,3466
Renormalization,3467
Reptile,3468
Republic of China,3469
Republic of Ireland,3470
Republic of Macedonia,3471
Republic of the Congo,3472
Restoration comedy,3473
Restoration literature,3474
Retina,3475
Retinol,3476
Retreat of glaciers since 1850,3477
Revised Standard Version,3478
Revolution,3479
Reza Shah,3480
Rhenium,3481
Rhine,3482
Rhode Island,3483
Rhodium,3484
Rhodium(III) chloride,3485
Rhubarb,3486
Rhythm and blues,3487
Rice,3488
Richard Feynman,3489
Richard Francis Burton,3490
Richard III (play),3491
Richard III of England,3492
Richard II of England,3493
Richard I of England,3494
Richard Nixon,3495
Richard O'Connor,3496
Richard Stallman,3497
Richard Wagner,3498
"Richmond, Virginia",3499
Riesling,3500
Right whale,3501
Ringed Plover,3502
Rio Tinto Group,3503
Rio de Janeiro,3504
River,3505
River Severn,3506
River Thames,3507
Riyadh,3508
Roald Amundsen,3509
Roan Antelope,3510
"Robert Baden-Powell, 1st Baron Baden-Powell",3511
Robert Boyle,3512
"Robert Gascoyne-Cecil, 3rd Marquess of Salisbury",3513
Robert Oppenheimer,3514
Robert Owen,3515
Robert Peel,3516
Robert Schumann,3517
Robert Stephenson,3518
Robinson Crusoe,3519
Roche limit,3520
Rock Bunting,3521
Rock Pigeon,3522
Rock of Gibraltar,3523
Rockall,3524
Rocky Mountains,3525
Rococo,3526
Roentgenium,3527
Roman Britain,3528
Roman Catholic Church,3529
Roman Empire,3530
Roman Greece,3531
Roman Vishniac,3532
Roman law,3533
Roman mythology,3534
Roman road,3535
Roman villa,3536
Romania,3537
Romanticism,3538
Rome,3539
Romeo and Juliet,3540
Romulus Augustus,3541
Ronald Reagan,3542
Rondane National Park,3543
Rook (bird),3544
Rosa Parks,3545
Rose-ringed Parakeet,3546
Rosemary,3547
Rosetta Stone,3548
Rotterdam,3549
Rowan Williams,3550
Royal Air Force,3551
Royal Dutch Shell,3552
Royal Geographical Society,3553
Royal Grammar School Worcester,3554
Royal Marines,3555
Royal National Theatre,3556
Royal Navy,3557
Royal Parks of London,3558
Rubidium,3559
Rubik's Cube,3560
Rudolf Vrba,3561
Rudyard Kipling,3562
Rugby World Cup,3563
Rugby football,3564
Rule of St Benedict,3565
Rupee,3566
Russia,3567
Russian Revolution of 1917,3568
Russian constitutional crisis of 1993,3569
Russian language,3570
Ruthenium,3571
Rutherford B. Hayes,3572
Rutherfordium,3573
Rwanda,3574
Rwandan Genocide,3575
São Paulo,3576
São Tomé,3577
São Tomé and Príncipe,3578
Søren Kierkegaard,3579
S-mine,3580
S. A. Andrée's Arctic balloon expedition of 1897,3581
SD26,3582
SR-71 Blackbird,3583
Safflower,3584
Saffron,3585
Sahara,3586
Saint-Pierre and Miquelon,3587
Saint Helena,3588
Saint Joan (play),3589
Saint Kitts and Nevis,3590
Saint Lawrence Seaway,3591
Saint Lucia,3592
Saint Petersburg,3593
Saint Vincent and the Grenadines,3594
Sakurajima,3595
Saladin,3596
Salford,3597
Salsa music,3598
Salt,3599
"Salt Lake City, Utah",3600
Saltasaurus,3601
Salvador Dalí,3602
Samantha Smith,3603
Samarium,3604
Samoa,3605
Samuel Beckett,3606
Samuel Taylor Coleridge,3607
San Diegan,3608
San Diego Electric Railway,3609
San Diego and Arizona Railway,3610
"San Francisco, California",3611
San Francisco garter snake,3612
"San Jose, California",3613
San Marino,3614
Sand,3615
Sand art and play,3616
Sand shark,3617
Sandringham House,3618
Sandur,3619
Sandy Koufax,3620
Sanskrit,3621
Sanssouci,3622
Santa Claus,3623
Santamaría (volcano),3624
"Santiago, Chile",3625
Santorini,3626
Sarajevo,3627
Sardar Vallabhbhai Patel,3628
Sasha (DJ),3629
Sassanid Empire,3630
Saturn,3631
Saturn V,3632
Saudi Arabia,3633
Saurischia,3634
Sauropodomorpha,3635
Sauroposeidon,3636
Sauropsid,3637
Saxicola,3638
Saxophone,3639
Scandium,3640
Scanian (linguistics),3641
Scattered disc,3642
Scelidosaurus,3643
Scent of a Woman,3644
Schatzki ring,3645
Scheme programming language,3646
Schizophrenia,3647
Schrödinger equation,3648
Schuttern Gospels,3649
Science,3650
Scientific classification,3651
Scooby-Doo,3652
"Scotch College, Perth",3653
Scotland,3654
Scotland in the High Middle Ages,3655
Scots language,3656
Scott Special,3657
Scottish Episcopal Church,3658
Scottish Gaelic language,3659
Scottish Highlands,3660
Scottish mythology,3661
Scouting,3662
Scramble for Africa,3663
Screw,3664
Scrooge McDuck,3665
Sculpture,3666
Scurvy,3667
Sea,3668
Sea level rise,3669
Sea of Galilee,3670
Seaborgium,3671
Sean Connery,3672
Sears Catalog Home,3673
Season,3674
"Seattle, Washington",3675
Seawater,3676
Second Boer War,3677
Second Congo War,3678
Second Crusade,3679
Seed,3680
Seinfeld,3681
Selena,3682
Selenium,3683
Semiconductor,3684
Semiconductor device,3685
Senate of Canada,3686
Senegal,3687
Senufo languages,3688
Seoul,3689
Separation of powers under the United States Constitution,3690
"September 11, 2001 attacks",3691
Sequence alignment,3692
Sequoia,3693
Serbia,3694
Serbia and Montenegro,3695
Serenity (film),3696
Sermon on the Mount,3697
Sesame,3698
Sesame Street,3699
Set,3700
Severn crossing,3701
Seychelles,3702
Sgt. Pepper's Lonely Hearts Club Band,3703
Shabo language,3704
Shackleton (crater),3705
Shaka,3706
Shanghai,3707
Shark,3708
Sharon Tate,3709
Sheffield,3710
Sheikh Mujibur Rahman,3711
Shelduck,3712
Shenzhou 6,3713
Shenzhou spacecraft,3714
Shetland,3715
Shielded metal arc welding,3716
Shigin,3717
Shining Path,3718
Shinto,3719
Ship,3720
Shoe polish,3721
Short-beaked Echidna,3722
Shoshone National Forest,3723
Shrimp farm,3724
Shrine of Remembrance,3725
Shroud of Turin,3726
Sichuan Pepper,3727
Sicilian Baroque,3728
Sickle-cell disease,3729
Siege,3730
Siege of Antioch,3731
Sierra Leone,3732
Sigmund Freud,3733
Sikhism,3734
Sikkim,3735
Silent film,3736
Silicon,3737
Silurian,3738
Silver,3739
Simón Bolívar,3740
SimCity,3741
Simca Vedette,3742
Sinclair Research Ltd,3743
Singapore,3744
Sino-German cooperation (1911-1941),3745
Sino-Roman relations,3746
Sirius,3747
Sistine Chapel ceiling,3748
Sitting Bull,3749
Six-party talks concerning North Korea's nuclear program,3750
Skåneland,3751
Ska,3752
Skiing,3753
Skylark,3754
Slavery,3755
Slavic mythology,3756
Sleep,3757
Slovakia,3758
Slovenia,3759
Smallpox,3760
Smog,3761
Snaefell Mountain Railway,3762
Snake charming,3763
Snow,3764
Snow Goose,3765
Snowball Earth,3766
Snowdonia,3767
Snowdonia National Park,3768
Snowy Owl,3769
Social anxiety,3770
Social capital,3771
Social contract (Malaysia),3772
Socialism,3773
Society,3774
Society of Merchant Venturers,3775
Sociocultural evolution,3776
Sociology,3777
Socrates,3778
Soddo language,3779
Sodium,3780
Sodium hydroxide,3781
Sodium sulfate,3782
Soil,3783
Soil moisture,3784
Soil pH,3785
Soil profile,3786
Soil salination,3787
Soil science,3788
Soil structure,3789
Soils retrogression and degradation,3790
Solar System,3791
Solar eclipse,3792
Solomon Islands,3793
Somalia,3794
Song Thrush,3795
Sonic the Hedgehog (character),3796
Sony,3797
Sorghum,3798
Sorrel,3799
Soukous,3800
Sound,3801
Soup,3802
South Africa,3803
South America,3804
South China Sea,3805
South Georgia and the South Sandwich Islands,3806
South Korea,3807
South Ossetia,3808
Southampton,3809
Southern Africa,3810
Southern Ocean,3811
Southern Pacific 4449,3812
Southern Rockhopper Penguin,3813
Southern United States,3814
Soviet Union,3815
Soybean,3816
Space Invaders,3817
Space Race,3818
Space Shuttle Challenger,3819
Space Shuttle Challenger disaster,3820
Space Shuttle Columbia,3821
Space Shuttle Columbia disaster,3822
Space Shuttle Endeavour,3823
Space Shuttle program,3824
Space exploration,3825
Space station,3826
Space suit,3827
Spacecraft propulsion,3828
Spain,3829
Spanish Armada,3830
Spanish Inquisition,3831
Spanish conquest of the Inca Empire,3832
Spanish language,3833
Sparrow,3834
Sparrowhawk,3835
Speaker of the British House of Commons,3836
Speaker of the United States House of Representatives,3837
Special relativity,3838
Speech synthesis,3839
Speed of light,3840
Sperm Whale,3841
Sphere,3842
Spherical aberration,3843
Spider,3844
Spinosaurus,3845
Spirit of the American Doughboy,3846
Spix's Macaw,3847
Split infinitive,3848
Sponsorship Directdebit,3849
Sport,3850
Spotted Flycatcher,3851
Spring (season),3852
Spring Heeled Jack,3853
Sputnik 1,3854
Sputnik 2,3855
Sputnik program,3856
Spyware,3857
Squash (sport),3858
Sri Lanka,3859
Sri Lankan Civil War,3860
St Buryan,3861
St Michael's Mount,3862
St Paul's Cathedral,3863
Stag beetle,3864
Stage (theatre),3865
Stained glass,3866
Stanisław Koniecpolski,3867
Stanisław Lem,3868
"Stanley, Falkland Islands",3869
Stanley Baldwin,3870
Star,3871
StarCraft,3872
Star Fox  Assault,3873
Star Trek,3874
Star Trek  Deep Space Nine,3875
Star Trek  The Original Series,3876
Star Wars,3877
Star Wars Episode IV  A New Hope,3878
Star anise,3879
Stargate SG-1,3880
Starling,3881
Starship Troopers,3882
Statistics,3883
Statue of Zeus at Olympia,3884
Steam engine,3885
Steel,3886
Stefan Edberg,3887
Stegosaurus,3888
Stem cell,3889
Stephen Harper,3890
Stephen Hawking,3891
Stephen Jay Gould,3892
Stephen Trigg,3893
Stephen of England,3894
Steve Davis,3895
Stickleback,3896
Still Game,3897
Stingray,3898
Stock,3899
Stock car (rail),3900
Stockholm,3901
Stoicism,3902
Stone Age,3903
Stonehenge,3904
Storm of October 1804,3905
Stornoway,3906
Stourbridge Lion,3907
Strait of Malacca,3908
Stratford-upon-Avon,3909
String theory,3910
Stroke,3911
Strontium,3912
Struthiomimus,3913
Stuttering,3914
Stuttgart,3915
Styracosaurus,3916
Sub-Saharan Africa,3917
Suburbs of Johannesburg,3918
Sucre,3919
Sudan,3920
Sudanic languages,3921
Sudoku,3922
Suez Canal,3923
Suffrage,3924
Sugar,3925
Sugar beet,3926
Sugarcane,3927
Suikinkutsu,3928
Suleiman the Magnificent,3929
Sulfur,3930
Sulfuric acid,3931
Sultan,3932
Sumac,3933
Sumatra,3934
Sumer,3935
Summer,3936
"Summer Hill, New South Wales",3937
Sumo,3938
Sun,3939
Sun Tzu,3940
Sun Yat-sen,3941
Sundew,3942
Sunflower,3943
Sunlight,3944
Sunol Water Temple,3945
Sunset Boulevard (1950 film),3946
Super 14,3947
Super Bowl XL,3948
Super Chief,3949
Super Mario 64,3950
Super Mario Bros.,3951
Superconductivity,3952
Superman,3953
Supermarine Spitfire,3954
Supply and demand,3955
Supply chain management,3956
Supreme Court of the United States,3957
Suriname,3958
Surtsey,3959
Sustainable forestry,3960
Sutton Hoo,3961
Svalbard,3962
Svartálfar,3963
Swallow,3964
Swan,3965
Swastika,3966
Swaziland,3967
Sweden,3968
Swedish allotment system,3969
Swift,3970
Swiss Federal Council,3971
Swissair Flight 111,3972
Switzerland,3973
Sydney,3974
Sydney Newman,3975
Sydney Riot of 1879,3976
Sylvanus Morley,3977
Symmetry,3978
Synthesizer,3979
Syria,3980
T-34,3981
T. D. Judah,3982
T. S. Eliot,3983
TGV,3984
Tacitean studies,3985
Tagoi language,3986
Taipei,3987
Taiwan,3988
Taj Mahal,3989
Tajikistan,3990
Talc,3991
Tamarind,3992
Tamil language,3993
Tamil people,3994
Tank,3995
Tansy,3996
Tantalum,3997
Tanzania,3998
Tao Te Ching,3999
Taoism,4000
Tarragon,4001
Tashkent,4002
Tasmanian Devil,4003
Tawny Owl,4004
Tay-Sachs disease,4005
Tay Rail Bridge,4006
TeX,4007
Tea,4008
Technetium,4009
Technology,4010
Tehran,4011
Tel Aviv,4012
Telecommunication,4013
Telephone,4014
Telephone exchange,4015
Telescope,4016
Television,4017
Tellurium,4018
Temperate,4019
Temple of Artemis,4020
Templon,4021
Tennis,4022
Tennis Masters Cup,4023
"Tenzin Gyatso, 14th Dalai Lama",4024
Tenzing Norgay,4025
Terbium,4026
Terik,4027
Tern,4028
Terrorism,4029
Textile,4030
Thailand,4031
Thalassemia,4032
Thallium,4033
The Absent-Minded Beggar,4034
The Adventures of Tintin,4035
The Anarchy,4036
The Ashes,4037
The Bahamas,4038
The Beano,4039
The Beatles,4040
The Beatles discography,4041
The Blitz,4042
The Broads,4043
The Brothers Karamazov,4044
The Canadian,4045
The Cantos,4046
The Cat in the Hat,4047
The Catcher in the Rye,4048
The Catlins,4049
"The Championships, Wimbledon",4050
The Children's Machine,4051
The Count of Monte Cristo,4052
The Country Wife,4053
The Curious Incident of the Dog in the Night-time,4054
The Dandy,4055
The Fairy-Queen,4056
The Famous Five (characters),4057
The Fens,4058
The Frogs,4059
The Gambia,4060
The Godfather,4061
The Great Exhibition,4062
The Hague,4063
The Hitchhiker's Guide to the Galaxy,4064
The Hobbit,4065
The Holocaust,4066
The Illuminatus! Trilogy,4067
The Importance of Being Earnest,4068
The Iron Bridge,4069
The King's Regiment (Liverpool),4070
The Last Supper (Leonardo),4071
The Legend of Zelda series,4072
"The Lion, the Witch and the Wardrobe",4073
The Lion King,4074
The Lorax,4075
The Lord of the Rings,4076
The Lord of the Rings film trilogy,4077
The Magic Flute,4078
The Marriage of Figaro,4079
The Merchant of Venice,4080
The Mismeasure of Man,4081
The Old Man and the Sea,4082
The Origin of Species,4083
The Oz books,4084
The Picture of Dorian Gray,4085
The Pilgrim's Progress,4086
The Quatermass Experiment,4087
The Relapse,4088
The Rime of the Ancient Mariner,4089
The Rite of Spring,4090
The Rolling Stones,4091
The Seagull,4092
The Shawshank Redemption,4093
The Simpsons,4094
The Smiths,4095
The Supremes,4096
The Temptations,4097
The Wall Street Journal,4098
The Waste Land,4099
The West Wing (TV series),4100
The X-Files,4101
Theatre,4102
"Theatre Royal, Drury Lane",4103
Theatre in the round,4104
Theodore Roosevelt,4105
Therizinosaurus,4106
Thermodynamic temperature,4107
Thermodynamics,4108
Theropoda,4109
Theta,4110
Thiamine,4111
Third Servile War,4112
Thomas Aquinas,4113
Thomas Becket,4114
Thomas Cranmer,4115
Thomas Edison,4116
Thomas Gainsborough,4117
Thomas Hobbes,4118
Thomas Jefferson,4119
Thomas Malthus,4120
Thomas More,4121
Thomas Pynchon,4122
Thomas Samuel Kuhn,4123
Thor,4124
Thorax,4125
Thorium,4126
Thrasybulus,4127
Three Gorges Dam,4128
Three Laws of Robotics,4129
Three Mile Island accident,4130
Thrush (bird),4131
Thucydides,4132
Thulium,4133
Thunderstorm,4134
Tiananmen Square protests of 1989,4135
Tibet,4136
Tide,4137
Tiger,4138
Tiger Woods,4139
Tiger shark,4140
Tigris,4141
Tijuana,4142
Tiktaalik,4143
Tim Berners-Lee,4144
Tim Henman,4145
Timbuktu,4146
Time,4147
Time zone,4148
Timeline of discovery of solar system planets and their natural satellites,4149
Timken 1111,4150
Timur,4151
Tin,4152
Tin(II) chloride,4153
Tin whistle,4154
Tiridates I of Armenia,4155
Titanium,4156
Titanosauridae,4157
To Kill a Mockingbird,4158
Tobacco,4159
Tobacco smoking,4160
Tofu,4161
Togo,4162
Tokelau,4163
Tokyo,4164
Toluene,4165
Tom and Jerry (MGM),4166
Tone cluster,4167
Tonga,4168
Tony Blair,4169
Tooth development,4170
Tooth enamel,4171
Top of the Pops,4172
Topology,4173
Toraja,4174
Tornado,4175
Toronto,4176
Tottenham Hotspur F.C.,4177
Tour de France,4178
Tourette syndrome,4179
Tourism,4180
Tower Bridge,4181
Tower of London,4182
Toy,4183
Toy Story,4184
Trabancos River,4185
Trade and usage of saffron,4186
Trade union,4187
Trafalgar Square,4188
Train,4189
Trans-Siberian Railway,4190
Transit of Venus,4191
Transport,4192
Trapdoor spider,4193
Treasure Island,4194
Treaty of Devol,4195
Treaty of Versailles,4196
Tree,4197
Tree Sparrow,4198
Tree frog,4199
Treecreeper,4200
Trench warfare,4201
Triassic,4202
Triathlon,4203
Tribe,4204
Triceratops,4205
Trichinosis,4206
Triggerplant,4207
Trigonometric function,4208
Trigonometry,4209
Trimurti,4210
Trinidad and Tobago,4211
Trinity,4212
"Trinity College, Cambridge",4213
Trinity test,4214
Tripitaka,4215
Tripoli,4216
Triumph of the Will,4217
Trobairitz,4218
Trojan War,4219
Troodon,4220
Troop sleeper,4221
Tropical Storm Allison,4222
Tropical Storm Ana (2003),4223
Tropical Storm Bilis (2006),4224
Tropical Storm Bonnie (2004),4225
Tropical Storm Chris (2006),4226
Tropical Storm Danielle (1992),4227
Tropical Storm Delta (2005),4228
Tropical Storm Franklin (2005),4229
Tropical Storm Harvey (2005),4230
Tropical Storm Henri (2003),4231
Tropical Storm Isabel (1985),4232
Tropical Storm Larry (2003),4233
Tropical Storm Lee (2005),4234
Tropical Storm Leslie (2000),4235
Tropical Storm Matthew (2004),4236
Tropical Storm Odette (2003),4237
Tropical Storm Vamei,4238
Tropical Storm Zeta (2005),4239
Tropical cyclone,4240
Tropics,4241
Trout,4242
Trumpet,4243
Tsar Bomba,4244
Tsunami,4245
Tuatara,4246
Tuberculosis,4247
Tufted Duck,4248
Tuna,4249
Tungsten,4250
Tunis,4251
Tunisia,4252
Tupac Shakur,4253
Turin,4254
Turkey,4255
Turkey (bird),4256
Turkish Republic of Northern Cyprus,4257
Turkish literature,4258
Turkmenistan,4259
Turks and Caicos Islands,4260
Turmeric,4261
Turner syndrome,4262
Turquoise,4263
Turtle,4264
Tutsi,4265
Tuvalu,4266
Tycho Brahe,4267
Typewriter,4268
Typhoon Ewiniar (2006),4269
Typhoon Saomai (2006),4270
Tyrannosaurus,4271
U.S. Navy Marine Mammal Program,4272
U.S. Open (tennis),4273
U.S. Route 66,4274
U.S. state,4275
U2,4276
USS Wisconsin (BB-64),4277
Ubuntu (Linux distribution),4278
Uffington White Horse,4279
Uganda,4280
Ukraine,4281
Ukulele,4282
Ulawun,4283
Ultimatum game,4284
Ultraviolet,4285
Uluru,4286
Ulysses S. Grant,4287
Umbrella Cockatoo,4288
Underground (stories),4289
Union Flag,4290
Union Station (San Diego),4291
United Arab Emirates,4292
United Kingdom,4293
United Kingdom national football team,4294
United Malays National Organisation,4295
United Nations,4296
United States,4297
United States Bill of Rights,4298
United States Congress,4299
United States Constitution,4300
United States Declaration of Independence,4301
United States House of Representatives,4302
United States Numbered Highways,4303
United States Senate,4304
United States Virgin Islands,4305
United States dollar,4306
United for Peace and Justice,4307
Universe,4308
University,4309
University of Bristol,4310
University of Cambridge,4311
University of Chicago,4312
University of Texas at Austin,4313
Unix,4314
Ununbium,4315
Ununhexium,4316
Ununoctium,4317
Ununpentium,4318
Ununquadium,4319
Ununtrium,4320
Upsilon Andromedae,4321
Upsilon Andromedae b,4322
Upsilon Andromedae c,4323
Upsilon Andromedae d,4324
Uranium,4325
Uranus,4326
Urial,4327
Ursuline Convent Riots,4328
Uruguay,4329
Utilitarianism,4330
Utrecht (city),4331
Uzbekistan,4332
Vacutainer,4333
Valparaíso,4334
Vampire,4335
Vampire bat,4336
Van Halen,4337
Vanadium,4338
Vancouver,4339
Vanilla,4340
Vanuatu,4341
Varanasi,4342
Vasco da Gama,4343
Vatican City,4344
Vegetable,4345
Vegetation,4346
Velociraptor,4347
Venezuela,4348
Venn diagram,4349
Venus,4350
Venus and Adonis (opera),4351
Vernon Kell,4352
Vertebrate,4353
Vestigial structure,4354
Vicia faba,4355
Victor Hugo,4356
"Victoria, Seychelles",4357
Victoria Cross,4358
Victoria of the United Kingdom,4359
Video,4360
Vienna,4361
Vietnam,4362
Vietnam War,4363
Viking,4364
Vinaya,4365
Vincent van Gogh,4366
Virgil,4367
Virginian Railway,4368
Virtuti Militari,4369
Virus,4370
Visual arts,4371
Vitamin,4372
Vitamin C,4373
Vitamin D,4374
Vitus Bering,4375
Vivien Leigh,4376
Vladimir Lenin,4377
Vodafone,4378
Volcanic pipe,4379
Volcano,4380
Vole,4381
Volga River,4382
Volleyball,4383
Volt,4384
Voltaire,4385
Voting,4386
Vowel,4387
Voynich manuscript,4388
Vulgar Latin,4389
Vulture,4390
W. Mark Felt,4391
WTA Tour Championships,4392
Wader,4393
Waheguru,4394
Wake Island,4395
Wales,4396
Wall Street,4397
Wallaby,4398
Wallis and Futuna,4399
Walrus,4400
Walt Disney,4401
Walt Whitman,4402
Walter Raleigh,4403
Walter Scott,4404
War,4405
War and Peace,4406
War in Somalia (2006–present),4407
War of the League of Cambrai,4408
War of the Spanish Succession,4409
Ward Cunningham,4410
Warren G. Harding,4411
Wars of Castro,4412
Wars of the Roses,4413
Warsaw,4414
Warsaw Uprising (1794),4415
Wasabi,4416
"Washington, D.C.",4417
Washington Metro,4418
Washington streetcars,4419
Wasp,4420
Waste management,4421
Watch,4422
Watchmen,4423
Water,4424
Water Buffalo,4425
Water polo,4426
Water purification,4427
Water resources,4428
Watercolor painting,4429
Watling Street,4430
Wave,4431
Wave–particle duality,4432
Wayne Rooney,4433
Weakest Link,4434
Weapon,4435
Weasel,4436
Weather,4437
Weather forecasting,4438
Weather map,4439
Weed,4440
Weight training,4441
Weimar Republic,4442
Welding,4443
Wellington,4444
Welsh law,4445
Wernher von Braun,4446
Wessex,4447
West Bank,4448
West Flemish,4449
West Virginia,4450
Western Front (World War I),4451
Western Roman Empire,4452
Western Sahara,4453
Western painting,4454
Westminster Abbey,4455
Westminster System,4456
Weston-super-Mare,4457
Westport Country Playhouse,4458
Weyauwega derailment,4459
Weymouth,4460
Weyto language,4461
Whale,4462
Whale shark,4463
Whale song,4464
Wheat,4465
Where Did Our Love Go,4466
Whipworm,4467
White's Tree Frog,4468
White-tailed Eagle,4469
White Mountain art,4470
White Wagtail,4471
White cliffs of Dover,4472
Whitethroat,4473
Whitney Joins The JAMs,4474
Whooping Crane,4475
Wigeon,4476
Wikimedia Foundation,4477
Wikinews,4478
Wikipedia,4479
Wikipedia Text of the GNU Free Documentation License,4480
Wikisource,4481
Wikispecies,4482
Wild cat,4483
Wildebeest,4484
Willem Barents,4485
William Butler Yeats,4486
William Edington,4487
William Ewart Gladstone,4488
William Gilbert,4489
William Gladstone,4490
William Harvey,4491
William Henry Harrison,4492
William Hogarth,4493
William Howard Taft,4494
William III of England,4495
William II of England,4496
William IV of the United Kingdom,4497
William I of England,4498
William Mahone,4499
William McKinley,4500
William N. Page,4501
William Pitt the Younger,4502
William Renshaw,4503
William Shakespeare,4504
William Tecumseh Sherman,4505
"William Thomson, 1st Baron Kelvin",4506
William Wilberforce,4507
William and Mary,4508
William the Silent,4509
Wind,4510
Windows 2000,4511
Windows Vista,4512
Windows XP,4513
Windsor Castle,4514
Wine,4515
Winfield Scott (ship),4516
Winfield Scott Hancock,4517
Winston Churchill,4518
Winston Tunnel,4519
Winter,4520
Witold Pilecki,4521
Wolf Brother,4522
Wolfgang Amadeus Mozart,4523
Wolverine,4524
Wombat,4525
Women's rights,4526
Wood,4527
Wood Pigeon,4528
Wood fuel,4529
Woodpecker,4530
Woodrow Wilson,4531
Woodruff,4532
Woodworking,4533
WorkChoices,4534
Work (thermodynamics),4535
Working poor,4536
World Bank Group,4537
World Health Organization,4538
World Heritage Site,4539
World Trade Organization,4540
World War I,4541
World War II,4542
World Wide Web,4543
Worm,4544
Wowpurchase,4545
Wren,4546
Wrench,4547
Wrestling,4548
Wright brothers,4549
Writing,4550
Wyndham Robertson,4551
X-Men  The Last Stand,4552
X Window System,4553
X Window System protocols and architecture,4554
X Window core protocol,4555
Xanadu House,4556
Xenon,4557
Yagan,4558
Yak,4559
Yamoussoukro,4560
Yangtze River,4561
"Yarralumla, Australian Capital Territory",4562
Yeast,4563
Yellow River,4564
Yellow fever,4565
Yellowhammer,4566
Yellowstone National Park,4567
Yemen,4568
Yenisei River,4569
Yes Minister,4570
Yeti,4571
Yom Kippur War,4572
York,4573
Yorkshire Dales,4574
Yotsuya Kaidan,4575
You're Still the One,4576
Ytterbium,4577
Yttrium,4578
Yugoslavia,4579
"Yungay, Peru",4580
Yuri Gagarin,4581
Yuri Knorosov,4582
Zürich,4583
ZX Spectrum,4584
Zachary Taylor,4585
Zambezi,4586
Zambia,4587
Zara Yaqob,4588
Zebra,4589
Zebra shark,4590
Zeus,4591
Zhang Qian,4592
Zheng He,4593
Ziad Jarrah,4594
Zimbabwe,4595
Zinc,4596
Zinc chloride,4597
Zion National Park,4598
Zionism,4599
Zirconium,4600
Zoroaster,4601
Zuid-Gelders,4602
Zulu,4603
